gn,title,artist,src,bpm,offsetMs,fileId
sdom1956,WOW,蕭亞軒,songname,165.0,-11,11956
sdom1955,習慣就好,羅志祥,songname,130.42,20,11955
sdom1954,不愛請閃開,蕭亞軒,songname,123.0,0.0,11954
sdom1953,愛的主題秀,羅志祥,songname,140.0,0.0,11953
sdom1952,Happy Loving,王心凌,songname,125.0,0.0,11952
sdom1951,閃閃惹人愛,蕭亞軒,songname,130.0,0.0,11951
sdom1950,雨愛,楊丞琳,songname,80.08,44,11950
sdom1949,羅生門,羅志祥,songname,105.0,0.0,11949
sdom1948,心電心,王心凌,songname,140.0,6,11948
sdom1947,有膽你就來,張惠妹,songname,120.0,-13,11947
sdom1886,海賊王,COLOR,songname,85.0,-20,11886
sdom1885,Hey!,蔡旻佑,songname,83.0,0.0,11885
sdom1884,白色謊言,戴愛玲,songname,88.0,-10,11884
sdom1883,小乖乖,蔡旻佑,songname,125.0,13,11883
sdom1882,光速青春,COLOR,songname,86.5,-4,11882
sdom1881,鑽石糖,蕭亞軒,songname,125.0,-16,11881
sdom1880,我的寶貝,蔡旻佑,songname,81.5,0.0,11880
sdom1879,暖氣系,盧學叡,songname,73.5,0.0,11879
sdom1878,可不可以愛我,盧學叡,songname,70.0,6,11878
sdom1877,Rock'n Roll Crazy,Richard Myhill,songname,189.9,-5,11877
sdom1815,看得最遠地方,張韶涵,songname,112.0,0.0,11815
sdom1811,Kizuna,Orange Range,songname,156.0,-7,11811
sdom1810,Ishindenshin,Orange Range,songname,140.07,0.0,11810
sdom1809,Asterisk,Orange Range,songname,128.0,0.0,11809
sdom1808,Shanghai Honey,Orange Range,songname,130.0,0.0,11808
sdom1806,Walking Through the Rain,百代著作權,songname,177.0,-8,11806
sdom1805,Force of Nature,百代著作權,songname,175.0,0.0,11805
sdom1804,Smart Bomb,百代著作權,songname,148.0,9,11804
sdom1803,Little Melody,百代著作權,songname,148.0,6,11803
sdom1802,讓我愛你,周瑜民&徐熙媛,songname,90.0,0.0,11802
sdom1770,Toontime,證聲,songname,140.0,0.0,11770
sdom1769,What Makes the World Go Round,證聲,songname,124.02,,11769
sdom1768,The Beauty Inside,證聲,songname,130.0,0.0,11768
sdom1767,Gravedigger,證聲,songname,170.0,13,11767
sdom1766,Let Yourself Go,證聲,songname,135.97,5,11766
sdom1765,Destination Z3,火楓紅葉,songname,160.0,0.0,11765
sdom1764,傻得可以,范瑋琪,songname,95.0,0.0,11764
sdom1763,想知道現在你好不好,范瑋琪,songname,88.0,21,11763
sdom1762,1到10＝我和你,范瑋琪,songname,80.0,9,11762
sdom1761,Supermarket 超級市場,曹格,songname,143.8,0.0,11761
sdom1760,Skin On Skin,U.Franke&A.Breitschaft,songname,135.0,20,11760
sdom1759,和你一起,許茹芸,songname,83.5,0.0,11759
sdom1758,一有愛就走吧,許茹芸,songname,126.0,11,11758
sdom1757,愛上這世界,周瑜民,songname,110.0,-6,11757
sdom1736,DNA,王力宏,songname,152.0,-4,11736
sdom1733,小情歌,蘇打綠,songname,132.0,0.0,11733
sdom1732,你的歌,陶吉吉,songname,144.0,0.0,11732
sdom1730,花蝴蝶,蔡依林,songname,124.0,0.0,11730
sdom1729,無重力,潘偉柏,songname,54.0,0.0,11729
sdom1728,當你想著我,品冠,songname,107.0,38,11728
sdom1727,王妃,蕭敬滕,songname,127.0,-27,11727
sdom1726,我會很愛你,言承旭,songname,110.0,0.0,11726
sdom1725,法克這個人,蕭閎仁,songname,84.0,0.0,11725
sdom1724,相愛後動物感傷,張惠妹,songname,115.0,-9,11724
sdom1723,我是傳奇,棒棒堂,songname,110.0,0.0,11723
sdom1722,一切為了愛,品冠,songname,86.0,0.0,11722
sdom1721,戀愛絕句選,黃雅莉,songname,97.0,0.0,11721
sdom1720,在樹上唱歌,郭靜,songname,130.0,0.0,11720
sdom1719,把心拉近,吳克群,songname,123.0,0.0,11719
sdom1718,放開你的頭腦,溫嵐,songname,114.0,0.0,11718
sdom1717,城市,張懸,songname,100.0,0.0,11717
sdom1716,Beautiful woman,張懸,songname,153.0,20,11716
sdom1715,第89鍵,蕭閎仁,songname,88.0,0.0,11715
sdom1711,雙人舞,潘偉柏,songname,74.0,0.0,11711
sdom1710,親愛的,潘偉柏,songname,90.0,0.0,11710
sdom1702,funrun,胡彥斌,songname,145.85,0.0,11702
sdom1695,愛極限,許慧欣,songname,147.0,-4,11695
sdom1684,痞子和英雄,鄒承恩,songname,166.0,16,11684
sdom1683,破天荒,張芸京,songname,123.0,9,11683
sdom1682,哪裡怕,棒棒堂,songname,108.0,0.0,11682
sdom1681,我們之間,棒棒堂,songname,160.0,0.0,11681
sdom1680,夏日初體驗,棒棒堂,songname,142.01,0.0,11680
sdom1679,天色,中川翔子,songname,174.02,15,11679
sdom1678,小姐，請你給我愛,橘子新樂園,songname,160.0,8,11678
sdom1677,愛的大行進,橘子新樂園,songname,114.0,8,11677
sdom1676,Hana 花,橘子新樂園,songname,92.0,17,11676
sdom1675,太陽無用,橘子新樂園,songname,145.0,0.0,11675
sdom1662,Road Movie,證聲,songname,117.0,-5,11662
sdom1661,My Generation,證聲,songname,150.0,0.0,11661
sdom1660,鐵人,CoLoR,songname,94.0,0.0,11660
sdom1659,Perfect Stranger,痞克四 自從+鄒承恩,songname,100.0,0.0,11659
sdom1658,無賴正義,CoLoR+趙又廷,songname,188.0,0.0,11658
sdom1657,終極三國,曾沛慈+東城衛,songname,115.0,0.0,11657
sdom1656,對手,強辯樂團+武虎將+東城衛,songname,153.0,-5,11656
sdom1655,大聲唱,強辯樂團,songname,170.0,0.0,11655
sdom1654,Don't go away,by2,songname,88.0,0.0,11654
sdom1653,好好愛^O^(甜蜜真實版),by2,songname,90.0,0.0,11653
sdom1652,買買買,by2,songname,130.0,0.0,11652
sdom1651,DNA,by2,songname,122.0,0.0,11651
sdom1650,怪怪女,青鳥飛魚,songname,150.0,,11650
sdom1649,舞棍,青鳥飛魚,songname,120.0,0.0,11649
sdom1648,情流感,盧學睿,songname,96.0,0.0,11648
sdom1647,Fresh DAB,證聲,songname,87.5,0.0,11647
sdom1646,THE GAME IS OVER,證聲,songname,128.0,8,11646
sdom1645,Wrap Your Arms,證聲,songname,128.0,0.0,11645
sdom1644,Wink Wink,證聲,songname,140.0,0.0,11644
sdom1643,Point of no return,證聲,songname,170.0,4,11643
sdom1642,ONLIE,證聲,songname,196.0,0.0,11642
sdom1641,SKATE PUNK,證聲,songname,188.0,13,11641
sdom1640,LOVERS,證聲,songname,151.0,0.0,11640
sdom1639,Yeah Yeah Yeah,證聲,songname,185.0,0.0,11639
sdom1638,One Day,柯有綸,songname,158.8,0.0,11638
sdom1637,玩偶,王力宏,songname,135.0,0.0,11637
sdom1636,愛靈靈,戴愛玲,songname,81.0,0.0,11636
sdom1635,沒有如果,梁靜茹,songname,148.0,0.0,11635
sdom1634,抓狂,五月天,songname,95.0,0.0,11634
sdom1633,私奔到月球,五月天+陳綺貞,songname,92.0,0.0,11633
sdom1630,DNA,by2,kgn,122.0,0.0,11630
sdom1612,I Kissed A Girl,Katy Perry,songname,130.0,0.0,11612
sdom1611,Hot N Cold,Katy Perry,songname,132.0,0.0,11611
sdom1610,The Fear(沒在怕)(Explicit版本),Lily Allen,songname,134.0,0.0,11610
sdom1609,F**k You(Clean版本),Lily Allen三小,songname,130.0,0.0,11609
sdom1608,伊甸園,拾參樂團,songname,148.0,0.0,11608
sdom1607,教練之歌,教練+DJ三小,songname,115.0,0.0,11607
sdom1606,找一個新世界,蕫事長&DJ紅龜,songname,142.0,0.0,11606
sdom1605,今天你要嫁給我,蔡依林,songname,91.0,0.0,11605
sdom1604,冷暴力,蔡依林,songname,130.0,0.0,11604
sdom1603,愛無赦,蔡依林,songname,132.0,0.0,11603
sdom1602,乖乖牌,蔡依林&黃立行,songname,120.0,0.0,11602
sdom1601,耍大牌,蔡依林,songname,120.0,-2,11601
sdom1600,VIVI,天原神音,songname,120.0,0.0,11600
sdom1599,Cheryl Deux,天原神音,songname,135.0,0.0,11599
sdom1598,Unreal Angel,神尾奈奈,songname,145.0,0.0,11598
sdom1597,NANANA,吳克群+王心凌,songname,124.0,0.0,11597
sdom1596,西班牙狂想曲,黃湘怡,songname,125.0,0.0,11596
sdom1595,騎士精神,蔡依林,songname,90.2,0.0,11595
sdom1594,海盜,蔡依林,songname,91.96,0.0,11594
sdom1593,媽媽,吳建豪,songname,85.0,0.0,11593
sdom1592,VIDEO TEK,證聲,songname,130.0,0.0,11592
sdom1591,TECHNIC,證聲,songname,122.05,0.0,11591
sdom1590,SUPER FUN,證聲,songname,140.0,0.0,11590
sdom1589,SPEED AND POWER,證聲,songname,136.0,0.0,11589
sdom1588,NEW WORLD SYMPHONY,證聲,songname,137.0,20,11588
sdom1587,LET'S GO PARTY,證聲,songname,140.0,0.0,11587
sdom1586,COMPOSITEUR,證聲,songname,147.0,0.0,11586
sdom1585,HEATSEEKERS,證聲,songname,140.0,0.0,11585
sdom1584,FUNKY BLOCK,證聲,songname,103.0,0.0,11584
sdom1583,BUBBLE DANCE,證聲,songname,129.0,0.0,11583
sdom1549,國王皇后,大嘴巴,songname,120.0,-27,11549
sdom1548,宇宙小姐,S.H.E,songname,129.0,-28,11548
sdom1545,PP別黏在椅上,by2,songname,135.0,-60,11545
sdom1531,拿手絕活,羅志祥,songname,123.0,-25,11531
sdom1530,撐腰,羅志祥,songname,134.0,-46,11530
sdom1529,箇中強手,羅志祥,songname,115.0,-20,11529
sdom1528,搖滾怎麼了,王力宏,songname,85.0,-8,11528
sdom1527,小心眼,大嘴巴,songname,134.0,-16,11527
sdom1526,Da Now一場,大嘴巴,songname,124.0,-49,11526
sdom1525,Lovefool,蔡依林,songname,118.0,-25,11525
sdom1524,Lady Marmalade,蔡依林,songname,110.0,-24,11524
sdom1523,Kiss Me,蔡依林,songname,100.0,-8,11523
sdom1522,Disturbia,Rihanna蕾哈娜,songname,125.0,-25,11522
sdom1521,When I Grow Up,小野貓,songname,118.51,-24,11521
sdom1520,我是你的誰,黃立行,songname,125.0,-25,11520
sdom1519,想念聖誕節,蕭亞軒,songname,110.0,-17,11519
sdom1518,男傭,吳克群,songname,102.0,-19,11518
sdom1517,殺手,林俊傑,songname,98.0,-25,11517
sdom1516,湘南海鷗,南拳媽媽,songname,110.0,-30,11516
sdom1515,夜訪吸血鬼,五月天,songname,90.0,-20,11515
sdom1514,出頭天,五月天,songname,82.0,-35,11514
sdom1513,Closer,尼歐,songname,126.0,-37,11513
sdom1512,你是壞人,楊丞琳,songname,130.0,-25,11512
sdom1502,Always Online,林俊傑,songname,120.0,-25,11502
sdom1499,愛的城堡,卓文萱,songname,106.0,-21,11499
sdom1498,不說,卓文萱,songname,124.0,-25,11498
sdom1497,獨家快樂,卓文萱,songname,146.0,-25,11497
sdom1496,超級喜歡,卓文萱,songname,142.0,-25,11496
sdom1493,滿滿的都是愛,梁靜茹,songname,128.0,-23,11493
sdom1492,不敗的戀人,徐若瑄,songname,108.1,-28,11492
sdom1491,幸福的節拍,楊丞琳,songname,127.02,-3,11491
sdom1490,愛我請shut up,楊丞琳,songname,142.0,-30,11490
sdom1489,半熟宣言,楊丞琳,songname,132.0,-15,11489
sdom1488,太煩惱,楊丞琳,songname,92.0,-37,11488
sdom1487,自由REMIX,李心潔,songname,149.63,-35,11487
sdom1486,笑忘歌,五月天,songname,120.0,-20,11486
sdom1485,春天的吶喊,五月天,songname,89.0,-40,11485
sdom1484,生存以上生活以下,五月天,songname,97.0,-40,11484
sdom1483,噢買尬,五月天,songname,84.0,-17,11483
sdom1482,爆肝,五月天,songname,95.0,-40,11482
sdom1469,藏經閣,棒棒堂,songname,112.0,-40,11469
sdom1468,乂,陳嘉唯,songname,128.0,-25,11468
sdom1467,愛的奇蹟,陳嘉唯,songname,132.0,-40,11467
sdom1466,RUN,朱婧,songname,102.0,-70,11466
sdom1465,香草天空,關煒棠,songname,83.0,-35,11465
sdom1464,是什麼音樂讓你覺得舒服,J.WU feat HotDog&大支,songname,90.0,-25,11464
sdom1463,大暴走,Color彩色拼塗,songname,170.0,0.0,11463
sdom1462,愛上愛,非同小可,songname,136.0,-40,11462
sdom1461,不潮不用花錢,林俊傑,songname,112.0,-30,11461
sdom1460,街道,林俊傑,songname,125.0,0.0,11460
sdom1459,主角,林俊傑&MACHI,songname,94.0,-30,11459
sdom1458,小酒窩,林俊傑&阿Sa,songname,95.0,-30,11458
sdom1401,honey money,張惠春,songname,90.0,-45,11401
sdom1400,期待愛,林俊傑&金莎,songname,85.0,-100,11400
sdom1399,左邊,楊丞琳,songname,112.0,-67,11399
sdom1398,Friend Or Foe,T.A.T.U,songname,112.56,-28,11398
sdom1397,Don't Stop The Music,Rihanna,songname,122.7,-15,11397
sdom1396,許願池的希臘少女,蔡依林,songname,99.0,-56,11396
sdom1395,獨立,蜜雪薇琪,songname,84.0,-28,11395
sdom1394,Pump it,黑眼豆豆,songname,153.6,-20,11394
sdom1393,香草吧噗,南拳媽媽,songname,99.0,56,11393
sdom1392,特務J,蔡依林,songname,143.0,-30,11392
sdom1391,Mr.Q(REMIX版),蔡依林,songname,152.0,-26,11391
sdom1390,讓讓,蔡依林,songname,112.0,-55,11390
sdom1389,我秀故我在,羅志祥,songname,160.0,-36,11389
sdom1388,敗給你,羅志祥,songname,89.0,-25,11388
sdom1387,SUPERMAN,倪子岡,songname,147.0,-30,11387
sdom1386,絕對無敵,倪子岡,songname,84.0,-25,11386
sdom1385,暫停戀愛,蕭亞軒,songname,103.0,-20,11385
sdom1384,Hey Girl,蕭亞軒,songname,108.0,-8,11384
sdom1383,More More More,蕭亞軒,songname,139.0,-25,11383
sdom1382,I'll be there,蕭亞軒,songname,125.0,-20,11382
sdom1376,A Night To Remenber,歌舞青春,songname,135.0,-30,11376
sdom1375,The Boys Are Back,歌舞青春,songname,115.0,-25,11375
sdom1374,Now Or Never,歌舞青春,songname,115.04,-18,11374
sdom1355,愛戀Remix,cornandbeans,songname,175.0,-36,11355
sdom1354,血淚Remix,DJ YOSHITAKA,songname,170.0,-25,11354
sdom1353,地獄之門Remix,cornandbeans,songname,175.0,-25,11353
sdom1345,臭皮匠,陳小春,songname,120.0,-64,11345
sdom1344,不在服務區,陳小春,songname,93.0,-11,11344
sdom1343,自我做主,陳小春,songname,158.0,-60,11343
sdom1342,回音,郭靜,songname,81.0,-40,11342
sdom1341,感冒,郭靜,songname,132.0,-20,11341
sdom1340,大玩笑,郭靜,songname,107.0,-20,11340
sdom1339,下一個天亮,郭靜,songname,122.0,-20,11339
sdom1338,放電,范瑋琪,songname,164.0,-20,11338
sdom1337,再聯絡,范瑋琪,songname,150.0,-48,11337
sdom1336,一顆心的距離,范瑋琪,songname,120.0,-44,11336
sdom1335,尋找茱麗葉,吳健豪,songname,124.0,-45,11335
sdom1334,自己的節奏,吳建豪,songname,140.0,-20,11334
sdom1333,Lucky Me,吳建豪,songname,112.0,-44,11333
sdom1332,我不是自己,吳建豪,songname,118.0,-16,11332
sdom1331,愛?,蔡旻佑,songname,90.0,-25,11331
sdom1330,台北21度C,蔡旻佑,songname,65.0,-45,11330
sdom1329,我要用一首Demo跟你告白,蔡旻佑,songname,130.0,-8,11329
sdom1328,希區考特作品152,蔡旻佑,songname,95.0,-24,11328
sdom1327,阿姆斯壯,蔡旻佑,songname,128.0,-25,11327
sdom1326,我回來了,蔡旻佑,songname,96.0,-47,11326
sdom1305,普派進行曲Remix,beautiful day,songname,170.0,-26,11305
sdom1299,卡農Remix,Dr.Flower Shirts,songname,162.0,-12,11299
sdom1283,致命病毒Remix,Diana,songname,156.0,-28,11283
sdom1280,好心情,李玟,songname,121.0,-55,11280
sdom1279,冥想愛,李玟,songname,164.0,-8,11279
sdom1278,Do you want my love,李玟,songname,104.02,-25,11278
sdom1277,撒哈拉冰室,李玟,songname,90.0,-20,11277
sdom1276,No Doubt,李玟,songname,96.0,-28,11276
sdom1275,刀馬旦,李玟,songname,150.0,-20,11275
sdom1274,U + Ur Hand,Pink,official,141.0,-25,11274
sdom1273,Crazy in Love,Beyonce,official,99.25,-40,11273
sdom1272,Hound Dog,Elvis Presley,official,168.0,-20,11272
sdom1271,Survivor,Destiny's Child,official,161.2,-24,11271
sdom1270,孤單芭蕾,許慧欣,songname,132.0,-135,11270
sdom1269,誰是MVP,潘瑋柏,songname,110.0,-34,11269
sdom1268,119,大嘴巴,songname,136.0,-25,11268
sdom1267,大嘴巴,大嘴巴,songname,106.0,-34,11267
sdom1266,我就是喜歡你,大嘴巴,songname,92.0,-20,11266
sdom1265,Step On The Beat,大嘴巴,songname,90.2,-55,11265
sdom1264,結果咧,大嘴巴,songname,132.0,-20,11264
sdom1263,Get You Back,大嘴巴,songname,148.0,-25,11263
sdom1262,Sway,The Pussycat Dolls,kgn,125.93,-30,11262
sdom1261,愛上未來的你,潘瑋柏,songname,94.06,-25,11261
sdom1260,PK賽,戴愛玲,songname,128.0,-20,11260
sdom1259,愛自己,戴愛玲,songname,98.0,-40,11259
sdom1258,愛的勇氣,賴雅妍,songname,127.05,-50,11258
sdom1257,快樂的人請舉手,彭佳慧,songname,119.93,-27,11257
sdom1256,敲敲我的頭,彭佳慧,songname,125.9,-15,11256
sdom1255,愛的就是你,王力宏,songname,96.0,-25,11255
sdom1254,愛你喲,楊家成&小雅,songname,148.0,-25,11254
sdom1253,就是你,范瑋琪,songname,143.03,-13,11253
sdom1252,靠近一點點,Lara,songname,105.0,-40,11252
sdom1251,初戀粉色系,南拳媽媽,songname,123.0,-25,11251
sdom1250,我要的世界,王傅一,songname,130.0,-30,11250
sdom1249,臭男人,黃義達,songname,176.02,-16,11249
sdom1248,因為你笑了,DR.MOON,songname,102.0,-25,11248
sdom1247,快點來愛我,李玖哲,songname,95.0,-25,11247
sdom1246,不愛拉倒,胡靈,songname,162.0,-16,11246
sdom1245,動,吳克群,songname,138.0,-25,11245
sdom1244,音樂讓我說,吳克群,songname,108.0,-25,11244
sdom1243,什麼東西,吳克群,songname,102.0,-21,11243
sdom1242,情人節,吳克群,songname,118.0,-25,11242
sdom1241,為你寫詩,吳克群,songname,143.0,-40,11241
sdom1238,四季Remix,BANYA,songname,168.0,-28,11238
sdom1236,狂潮Remix,Takoyaki,songname,160.0,-7,11236
sdom1230,警報Remix,Warmen,songname,120.63,-29,11230
sdom1226,天空Remix,SHIKI,songname,178.0,-36,11226
sdom1225,舞以倫比Remix,RageVI,songname,175.0,-26,11225
sdom1224,自殺Remix,Smiley,songname,160.0,-20,11224
sdom1219,永恆Remix,Smiley,songname,163.0,-25,11219
sdom1216,Wrong When You're Gone,Jennifer Lopez,official,116.0,-72,11216
sdom1215,Be Mine,Jennifer Lopez,official,102.0,-16,11215
sdom1214,I Need Love,Jennifer Lopez,official,78.0,-31,11214
sdom1213,Gotta Be There,Jennifer Lopez,official,103.0,-20,11213
sdom1212,Hold It Don't Drop It,Jennifer Lopez,official,115.3,-25,11212
sdom1211,Brave,Jennifer Lopez,official,111.0,-30,11211
sdom1210,Do it well,Jennifer Lopez,official,108.02,-25,11210
sdom1209,Any Other Way,Backstreet Boys,official,109.0,-20,11209
sdom1208,Everything But Mine,Backstreet Boys,official,130.0,-25,11208
sdom1207,Panic,Backstreet Boys,official,152.0,-25,11207
sdom1206,As Long As You Love Me,Backstreet Boys,official,98.22,-25,11206
sdom1205,Everybody,Backstreet Boys,official,108.0,-25,11205
sdom1204,Perfect Lover,Britney Spears,kgn,117.0,-25,11204
sdom1203,Ooh Ooh Baby,Britney Spears,kgn,128.0,-20,11203
sdom1202,Hot as Ice,Britney Spears,kgn,127.9,-25,11202
sdom1201,Toy Soldier,Britney Spears,kgn,117.11,-24,11201
sdom1200,Freakshow,Britney Spears,kgn,132.0,-16,11200
sdom1199,En Tus Pupilas,Shakira,official,116.0,-60,11199
sdom1191,新世界Remix,Peppertones,songname,132.0,-26,11191
sdom1168,Black Trinity,天原神音,songname,130.0,-21,11168
sdom1167,boys and girls,頭號人物,songname,120.0,-24,11167
sdom1166,One of Those Girls,Avril Lavigne,kgn,92.02,-32,11166
sdom1165,小豬搞笑秀,証聲,songname,165.0,-20,11165
sdom1164,貓言貓語,証聲,songname,106.0,-20,11164
sdom1163,魔法小兔兔,証聲,songname,146.0,-19,11163
sdom1162,狐狸的派對,証聲,songname,210.0,-29,11162
sdom1161,熊貓蹦蹦跳,証聲,songname,117.14,-14,11161
sdom1160,淘氣小浣熊,証聲,songname,163.0,-35,11160
sdom1159,馬戲團猴子,証聲,songname,160.0,-25,11159
sdom1158,神犬水汪汪,証聲,songname,119.9,-30,11158
sdom1157,I Don't Have to Try,Avril Lavigne,kgn,106.0,-25,11157
sdom1156,Get High,頭號人物,songname,134.0,-20,11156
sdom1155,日場夜場,莫文蔚,songname,108.0,-20,11155
sdom1154,VIP,頭號人物,songname,114.0,-20,11154
sdom1153,單眼皮,楊丞琳,songname,116.0,-25,11153
sdom1152,養我一輩子,川島茉樹代,songname,131.0,-25,11152
sdom1151,稍息立正站好,范曉萱,songname,135.0,-25,11151
sdom1150,小叮噹,范曉萱,songname,122.0,-35,11150
sdom1149,健康歌,范曉萱,songname,132.0,-25,11149
sdom1137,Radar,Britney Spears,kgn,128.0,-20,11137
sdom1136,Contagious,Avril Lavigne,kgn,158.0,-20,11136
sdom1135,H.O.T,Avril,kgn,145.0,-25,11135
sdom1134,The Best Damn Thing,Avril Lavigne,kgn,165.0,-35,11134
sdom1133,I can do better,Avril Lavigne,songname,172.0,-25,11133
sdom1132,Gimme More,Britney Spears,kgn,113.33,-20,11132
sdom1131,Break the Ice,Britney Spears,kgn,117.5,-40,11131
sdom1130,Lovestoned,Justin Timberlake,kgn,121.0,-20,11130
sdom1129,My Love,Justin Timberlake,kgn,120.0,-34,11129
sdom1128,SexyBack,Justin Timberlake,kgn,117.0,-20,11128
sdom1127,Like I Love You,賈斯汀,kgn,115.0,-35,11127
sdom1126,Lucky,Britney Spears,kgn,95.0,-40,11126
sdom1125,Everytime,Britney Spears,kgn,109.9,-40,11125
sdom1124,When You're Gone,Avril Lavigne,kgn,142.0,-20,11124
sdom1123,don't tell me,Avril Lavigne,kgn,144.12,0.0,11123
sdom1122,my happy ending,Avril Lavigne,kgn,85.07,0.0,11122
sdom1119,鬥牛要不要,TANK,songname,109.9,-20,11119
sdom1071,幸福氧氣,卓文萱,songname,86.5,-25,11071
sdom1067,一支獨秀,羅志祥,songname,120.02,-40,11067
sdom1061,當我們宅一塊,羅志祥,songname,103.0,-20,11061
sdom1050,誰愛誰,張韶涵,songname,134.0,-30,11050
sdom1049,樂園,張韶涵,songname,105.0,-10,11049
sdom1048,頭號甜心,張韶涵,songname,146.0,-20,11048
sdom1047,不想懂得,張韶涵,songname,114.1,0.0,11047
sdom1046,我戀愛了,張韶涵,songname,116.0,-20,11046
sdom1045,我愛黑澀會,黑澀會美眉,songname,115.0,-13,11045
sdom1044,我要愛的好,黑澀會美眉,songname,180.0,-40,11044
sdom1043,幸福的泡泡,黑澀會美眉,songname,124.0,-20,11043
sdom1042,范范之輩,范瑋琪,songname,150.18,60,11042
sdom1041,黑暗面,范瑋琪,songname,124.0,-40,11041
sdom1040,哲學家,范瑋琪,songname,173.45,15,11040
sdom1039,仨人,郭靜&張韶涵&范瑋琪,songname,150.0,-20,11039
sdom1038,俄羅斯戀人,証聲,songname,120.0,-15,11038
sdom1036,鬥琴,証聲,songname,99.0,40,11036
sdom1035,女神變奏曲,証聲,songname,128.0,-25,11035
sdom1034,小貓咪圓舞曲,証聲,songname,131.0,-40,11034
sdom1033,搗蛋天使,証聲,songname,190.0,-40,11033
sdom1032,蛻變,証聲,songname,100.0,-40,11032
sdom1031,漫步在雲端,証聲,songname,137.5,-25,11031
sdom1017,玩酷,潘瑋柏,songname,115.0,-20,11017
sdom0997,Everything Back But You,Avril Lavigne,kgn,130.0,0.0,10997
sdom0987,窮開心,花兒樂團,songname,150.0,-20,10987
sdom0982,日不落,蔡依林,songname,128.0,-20,10982
sdom0975,危險天使,陳崴,songname,108.0,-20,10975
sdom0974,Waiting for me,李玟,songname,90.0,-25,10974
sdom0973,完美比例,楊丞琳,songname,98.03,-20,10973
sdom0972,第二個自己,楊丞琳,songname,97.5,-20,10972
sdom0971,缺氧,楊丞琳,songname,88.0,,10971
sdom0970,任意門,楊丞琳,songname,148.0,-40,10970
sdom0969,愛的鼓動,王力宏,songname,112.0,-20,10969
sdom0968,你是我心內的一首歌,王力宏,songname,91.0,-20,10968
sdom0967,我們的歌,王力宏,songname,140.0,-20,10967
sdom0966,迦南美地,劉耕宏,songname,139.99,-25,10966
sdom0965,甜蜜柏拉圖,劉耕宏,songname,130.0,-20,10965
sdom0964,江南,林俊傑,songname,120.0,-20,10964
sdom0963,小手拉大手,梁靜茹,songname,130.06,-20,10963
sdom0962,雪絨花,金莎,songname,90.0,-40,10962
sdom0961,亞森羅蘋,金莎,songname,118.0,-14,10961
sdom0960,簡簡單單,林俊傑,songname,142.05,-40,10960
sdom0959,豆漿油條,林俊傑,songname,88.0,-35,10959
sdom0958,就是愛,蔡依林,songname,93.0,-20,10958
sdom0957,說愛你,蔡依林,songname,102.0,-20,10957
sdom0956,愛情36計,蔡依林,songname,122.0,-40,10956
sdom0945,進化論,林俊傑,songname,100.0,-20,10945
sdom0944,WU LA LA,金莎,songname,143.01,-40,10944
sdom0943,Came Alone,証聲,songname,130.02,-20,10943
sdom0942,Droid Mix,証聲,songname,104.0,-25,10942
sdom0941,Destroyer Model,証聲,songname,139.0,-20,10941
sdom0940,Ocean Dream 3,証聲,songname,140.08,-25,10940
sdom0939,KEYWORDS,証聲,songname,125.0,,10939
sdom0938,Without you,証聲,songname,138.0,-25,10938
sdom0937,In Belize,証聲,songname,140.01,-25,10937
sdom0936,Snowman,証聲,songname,142.0,-20,10936
sdom0935,Dance Prince,証聲,songname,158.0,-20,10935
sdom0934,Stars Above,証聲,songname,144.0,-15,10934
sdom0933,Das Happy tune,証聲,songname,138.0,-15,10933
sdom0932,Eurospeed,証聲,songname,148.0,-15,10932
sdom0931,DJ KID,証聲,songname,135.0,-30,10931
sdom0930,Happy DJ,証聲,songname,140.0,-25,10930
sdom0929,Move your body,証聲,songname,130.0,-25,10929
sdom0928,Look for love,証聲,songname,135.01,-3,10928
sdom0927,Round House,証聲,songname,143.0,-25,10927
sdom0926,Generic,証聲,songname,138.0,-20,10926
sdom0925,愛在哪裡,王力宏,songname,102.0,-20,10925
sdom0924,不完整的旋律,王力宏,songname,70.0,20,10924
sdom0923,Cockney Girl,王力宏,songname,88.0,-25,10923
sdom0922,落葉歸根,王力宏,songname,125.0,-20,10922
sdom0920,Never Let You Go,吳建豪,songname,84.0,-20,10920
sdom0919,幻想這愛,吳建豪,songname,127.0,-25,10919
sdom0918,零時差,吳建豪,songname,105.01,-20,10918
sdom0917,Friday Night,吳建豪,songname,90.0,-20,10917
sdom0916,Just One Dance,吳建豪,songname,100.0,-25,10916
sdom0915,我的王國,吳建豪,songname,113.0,-25,10915
sdom0914,I Miss You,柯有綸,songname,160.01,-40,10914
sdom0913,welcome to my world,柯有綸,songname,105.1,-20,10913
sdom0912,黃皮膚,柯有綸,songname,86.85,-30,10912
sdom0911,天使戰將,劉耕宏,songname,146.0,-15,10911
sdom0910,碎碎念,劉耕宏,songname,90.0,-25,10910
sdom0909,壞朋友,劉耕宏,songname,100.0,-40,10909
sdom0908,編號89757,林俊傑,songname,164.0,-40,10908
sdom0907,第二天堂,林俊傑,songname,83.01,-5,10907
sdom0906,無人島,李玟,songname,114.0,-30,10906
sdom0897,Runaway,Avril Lavigne,kgn,135.0,-30,10897
sdom0896,離開地球表面,五月天,songname,138.0,-15,10896
sdom0894,改變自己,王力宏,songname,104.5,-35,10894
sdom0837,Watch the trap！Yes Sir,5566,kgn,95.04,-70,10837
sdom0836,看著我,易吉綱,songname,122.0,0.0,10836
sdom0835,將你遺忘,易吉綱,songname,115.2,12,10835
sdom0834,迷迭香,周杰倫,songname,118.0,-25,10834
sdom0833,千里之外,周杰倫,songname,118.0,-25,10833
sdom0832,一路向北,周杰倫,songname,134.0,-22,10832
sdom0831,飄移,周杰倫,songname,93.0,-25,10831
sdom0830,珊瑚海,周杰倫,songname,145.98,-55,10830
sdom0829,浪漫手機,周杰倫,songname,85.0,25,10829
sdom0828,四面楚歌,周杰倫,songname,95.01,-25,10828
sdom0827,七里香,周杰倫,songname,142.02,35,10827
sdom0826,東風破,周杰倫,songname,146.01,-35,10826
sdom0825,三年二班,周杰倫,songname,89.91,-8,10825
sdom0824,爺爺泡的茶,周杰倫,songname,85.0,-40,10824
sdom0823,雙節棍,周杰倫,songname,101.0,-20,10823
sdom0822,威廉古堡,周杰倫,songname,140.0,-10,10822
sdom0821,爸我回來了,周杰倫,songname,152.0,5,10821
sdom0820,愛在西元前,周杰倫,songname,126.8,-40,10820
sdom0819,鬥牛,周杰倫,songname,129.96,-10,10819
sdom0736,人來瘋,溫嵐,songname,102.0,-25,10736
sdom0735,一代公主,施文彬,songname,124.93,-10,10735
sdom0734,你老母卡好,康晉榮,songname,118.0,-15,10734
sdom0733,快樂鳥日子,康晉榮,songname,130.0,30,10733
sdom0732,恁姐仔住市內,康晉榮,songname,112.92,-15,10732
sdom0731,1234,強辯,songname,123.5,-30,10731
sdom0730,脫掉,杜德偉,songname,132.04,-60,10730
sdom0729,裙擺搖搖,李心潔,songname,128.0,-40,10729
sdom0728,自由,李心潔,songname,149.62,-20,10728
sdom0727,老子說,吳克群,songname,148.0,-24,10727
sdom0726,天使,五月天,songname,146.0,-5,10726
sdom0725,最重要的小事,五月天,songname,80.0,-35,10725
sdom0724,為愛而生,五月天,songname,164.0,0.0,10724
sdom0723,寵上天,五月天,songname,98.0,-20,10723
sdom0722,瘋狂世界,五月天,songname,145.23,-20,10722
sdom0721,軋車,五月天,songname,174.26,-40,10721
sdom0720,我又初戀了,五月天,songname,149.0,-5,10720
sdom0719,快樂很偉大,五月天,songname,150.0,-30,10719
sdom0718,Shabu Shabu,2moro,kgn,130.04,-45,10718
sdom0717,我愛台妹,MC HotDog,songname,107.0,-22,10717
sdom0703,My Kingdom,吳建豪,songname,113.0,-30,10703
sdom0695,暴風Remix,Bokko Dance,songname,142.0,-26,10695
sdom0665,完美的互動,王力宏&Rain,songname,95.0,-40,10665
sdom0664,要定你,李玟,songname,125.0,-25,10664
sdom0663,招牌動作,蔡依林,songname,135.0,-25,10663
sdom0662,看我72變,蔡依林,songname,130.0,-35,10662
sdom0661,被風吹過的夏天,林俊傑&金莎,songname,124.0,5,10661
sdom0660,親親,梁靜茹,songname,139.93,-25,10660
sdom0659,戀愛達人,羅志祥&小S,songname,98.0,-20,10659
sdom0658,垃圾桶,羅志祥,songname,95.0,-25,10658
sdom0657,肝功能衰竭,旺福,songname,125.01,-36,10657
sdom0656,水蜜桃輓歌,旺福,songname,165.0,-27,10656
sdom0655,迷你裙,旺福,songname,119.98,-40,10655
sdom0654,搬家,梁詠琪,songname,110.0,-11,10654
sdom0653,在每一秒裡都想見到你,王力宏,songname,96.0,-17,10653
sdom0652,整晚的音樂,庾澄慶,songname,123.95,-15,10652
sdom0651,讓我一次愛個夠,庾澄慶,songname,100.68,-20,10651
sdom0650,Shining Kiss,黑澀會美眉,songname,115.0,-25,10650
sdom0649,TIC TAC TOE,徐婕兒,songname,107.96,-40,10649
sdom0648,寓言,張韶涵,songname,100.0,-25,10648
sdom0647,Mama Mama,張韶涵,songname,110.0,-40,10647
sdom0646,喜歡你沒有道理,張韶涵,songname,112.0,-25,10646
sdom0606,乖乖,櫻桃幫,songname,160.01,-15,10606
sdom0605,I wanna rock,櫻桃幫,songname,119.0,-10,10605
sdom0604,再見我的愛,櫻桃幫,songname,140.0,-30,10604
sdom0603,清新早晨,櫻桃幫,songname,120.0,-20,10603
sdom0602,Shake it baby,黑澀會美眉,songname,148.0,-25,10602
sdom0601,潘朵拉,張韶涵,songname,140.0,-25,10601
sdom0600,歐若拉,張韶涵,songname,84.92,-70,10600
sdom0599,尋寶,張韶涵,songname,106.0,-25,10599
sdom0598,小丑世界,櫻桃幫,songname,170.0,-20,10598
sdom0597,兩隻戀人,曹格,songname,125.0,-35,10597
sdom0573,遇上愛,楊丞琳,songname,119.0,-20,10573
sdom0572,睜一隻眼閉一隻眼,蔡依林,songname,115.0,-25,10572
sdom0571,甜心咒,楊丞琳,songname,122.0,-30,10571
sdom0570,慶祝,楊丞琳,songname,118.0,-51,10570
sdom0569,夢不落帝國,蔡旻佑,songname,125.0,-20,10569
sdom0568,靜靜的,庾澄慶,songname,126.0,-35,10568
sdom0567,愛在85度C,李玟,songname,85.0,-35,10567
sdom0566,Hip Hop Tonight,李玟,songname,96.0,-20,10566
sdom0489,Shut Up,The Black Eyed Peas,songname,112.97,-32,10489
sdom0475,girlfriend,Avril Lavigne,songname,164.0,0.0,10475
sdom0472,My Humps,The Black Eyed Peas,kgn,124.0,20,10472
sdom0449,梁山伯與朱麗葉,卓文萱,songname,120.0,-30,10449
sdom0448,本草綱目,周杰倫,songname,100.89,-25,10448
sdom0443,愛上愛的味道,張韶涵,songname,115.0,-25,10443
sdom0442,失憶,梁靜茹,songname,125.96,-45,10442
sdom0438,延長比賽,TANK,songname,96.0,-25,10438
sdom0413,將軍令,吳克群,songname,81.0,-20,10413
sdom0407,我有我的young,飛輪海,songname,100.0,-20,10407
sdom0405,hips don't lie,Shakira,official,100.0,-20,10405
sdom0404,animal city,shakira,official,140.0,-20,10404
sdom0371,玩偶,璽恩,songname,106.02,-20,10371
sdom0370,棋逢敵手,璽恩,songname,80.0,-25,10370
sdom0369,時尚工業,璽恩,songname,110.0,-20,10369
sdom0368,鴛鴦大盜,証聲,songname,90.0,-25,10368
sdom0367,澎湃,証聲,songname,99.0,-35,10367
sdom0366,我不在乎,証聲,songname,103.0,-25,10366
sdom0365,異想天開,証聲,songname,99.0,20,10365
sdom0364,多管閒事,証聲,songname,93.0,15,10364
sdom0363,跳一跳,証聲,songname,132.0,-25,10363
sdom0362,手帕交,証聲,songname,133.0,-30,10362
sdom0361,證明你的愛,証聲,songname,125.0,-20,10361
sdom0360,藉口,証聲,songname,105.0,-65,10360
sdom0359,要讓你知道,証聲,songname,99.0,-40,10359
sdom0358,嗚啦啦,証聲,songname,109.0,-80,10358
sdom0357,未來式,証聲,songname,94.0,-15,10357
sdom0352,說一聲再見,9you,kgn,148.0,-25,10352
sdom0351,彩鈴王,9U,kgn,145.0,-25,10351
sdom0350,咚咚咚痛快,9you,kgn,143.0,-30,10350
sdom0329,巴不得,泳兒,songname,130.0,-25,10329
sdom0328,感應,泳兒,songname,104.0,0.0,10328
sdom0327,我的驕傲,容祖兒,songname,82.0,-20,10327
sdom0326,2001太空漫遊,陳奕迅,songname,130.99,-25,10326
sdom0323,感覺蘇豪,吳浩康,songname,132.0,-5,10323
sdom0322,打得火熱,陳奕迅,songname,160.03,-25,10322
sdom0320,八十塊環遊世界,Twins,songname,120.0,-25,10320
sdom0319,新奇古巴,証聲,songname,100.02,-25,10319
sdom0318,狂熱,9you,songname,97.5,-21,10318
sdom0317,喵的咧！,9you,songname,186.0,-25,10317
sdom0316,王牌大騙子,9you,songname,136.0,-16,10316
sdom0315,你是我的唯一,9you,songname,108.0,-25,10315
sdom0314,絕妙好戲,9you,songname,124.7,-15,10314
sdom0311,音浪,黃立行,songname,120.0,-13,10311
sdom0304,One kiss from you,Britney Spears,songname,94.0,-20,10304
sdom0290,戀著多喜歡,梁靜茹,songname,112.0,-28,10290
sdom0286,聽媽媽的話,周杰倫,songname,93.0,-120,10286
sdom0285,阿拉伯市場,鄭希怡,songname,123.0,-20,10285
sdom0283,放生,范逸臣,songname,69.0,-90,10283
sdom0280,三對三,胡彥斌,songname,100.0,,10280
sdom0279,月半灣,陳坤,kgn,98.0,10,10279
sdom0273,House,9YOU,manual,130.0,-20,10273
sdom0272,第四十號交響曲,SOGA,songname,126.0,-20,10272
sdom0271,Pm,9YOU,manual,116.0,-25,10271
sdom0270,光影,Fan,songname,100.0,-28,10270
sdom0269,潘多拉之盒,Fan,songname,140.0,-25,10269
sdom0268,加勒比男孩,Fan,songname,100.0,-60,10268
sdom0267,淩晨飛行,donovan lee,songname,160.0,-25,10267
sdom0266,卡通對白,9you,songname,120.0,-30,10266
sdom0265,婚禮進行曲,9you,songname,99.87,-176,10265
sdom0264,飛翔,PM.TINA,songname,90.0,-25,10264
sdom0263,緩慢,B6,songname,130.0,-35,10263
sdom0262,過往,B6,songname,160.0,-35,10262
sdom0261,光速快感,LQB,songname,150.01,-25,10261
sdom0260,時間引力,donovan lee,songname,140.0,-30,10260
sdom0259,快樂時光,PM,songname,125.0,-26,10259
sdom0250,酒後的心聲,庾澄慶,songname,90.0,-80,10250
sdom0244,花火,PM,songname,120.0,-30,10244
sdom0243,直到永遠,SO GA,songname,100.0,-20,10243
sdom0242,淺灘,9you,songname,120.0,-20,10242
sdom0241,懶惰蟲,puremorning,songname,90.0,-20,10241
sdom0240,花黃瘦-Remix,puremorning,songname,130.0,-32,10240
sdom0239,la la la,9you,official,120.0,-25,10239
sdom0238,新手練習曲,danovan lee,songname,95.0,-45,10238
sdom0237,一個人的沙發,9you,songname,126.0,-14,10237
sdom0236,藍色女孩,PM,songname,130.0,-30,10236
sdom0235,六個太陽,9you,songname,120.0,-25,10235
sdom0234,花好月圓,9you,songname,100.0,-25,10234
sdom0233,1812,P.M,official,155.0,-25,10233
sdom0232,拉德斯基進行曲,9you,songname,114.0,-25,10232
sdom0231,L2,PM,official,137.0,-25,10231
sdom0230,新大陸,donovan lee,songname,160.0,-60,10230
sdom0226,Baby是我,李玖哲,songname,88.0,-25,10226
sdom0225,Scandal,安七炫&吳建豪,songname,110.0,-20,10225
sdom0218,你的香氣,Claire,songname,120.0,-35,10218
sdom0217,都怪我,李玖哲,songname,95.0,-40,10217
sdom0211,Autumn Goodbye,Britney Spears,songname,122.0,-40,10211
sdom0209,花田錯,王力宏,songname,66.5,-25,10209
sdom0204,三國戀,TANK,songname,152.0,0.0,10204
sdom0203,比多更多,沙寶亮,kgn,125.0,-20,10203
sdom0202,我的排行榜,華少翌,kgn,105.0,-20,10202
sdom0200,不可思議,金莎,songname,70.0,-30,10200
sdom0198,女朋友,twins,kgn,96.0,-30,10198
sdom0197,這麼晚還沒睡,胡彥斌,kgn,120.0,-25,10197
sdom0193,生命要繼續,黃崇旭,songname,88.0,-15,10193
sdom0188,萍聚,蕭淑慎,songname,90.0,-40,10188
sdom0187,童話,光良,songname,133.0,-20,10187
sdom0185,永不退縮,任賢齊,songname,105.0,0.0,10185
sdom0182,toxic,britney,kgn,143.01,-25,10182
sdom0179,馬德里不思議,蔡依林,songname,120.0,-25,10179
sdom0178,給天使看的戲,謝霆鋒,songname,92.0,-40,10178
sdom0172,戀愛ING,五月天,songname,197.0,-35,10172
sdom0171,我想更懂你,潘瑋伯,kgn,89.0,-20,10171
sdom0170,反轉地球,潘瑋柏,kgn,90.0,-25,10170
sdom0169,戴上我的愛,潘瑋柏&王珞丹,kgn,100.0,0.0,10169
sdom0167,do somethin,britney spears,official,130.0,-40,10167
sdom0157,一夜情人,JTL,kgn,89.0,-20,10157
sdom0154,解夏,華少翌,kgn,90.02,-20,10154
sdom0148,香水百合,張韶涵,songname,148.0,-45,10148
sdom0146,月光光,關智斌,songname,140.0,-5,10146
sdom0145,爆米花的味道,蔡依林,songname,123.1,-35,10145
sdom0140,睫毛彎彎,王心凌,kgn,90.0,-20,10140
sdom0138,不死之身,林俊傑,songname,103.0,-20,10138
sdom0137,水煮魚,王蓉,songname,160.0,-20,10137
sdom0133,星光遊樂園,Twins,songname,100.0,-25,10133
sdom0131,SHE BANGS,瑞奇.馬丁,kgn,143.9,-35,10131
sdom0128,let's get it started,black eyed peas,songname,105.0,-30,10128
sdom0127,where is the love,black eyed peas,kgn,94.1,-35,10127
sdom0125,愛情輪廓,許慧欣,kgn,103.0,-30,10125
sdom0114,無敵超人,Twins,songname,127.5,-30,10114
sdom0113,願望,胡彥斌,songname,130.0,-25,10113
sdom0109,皇帝,胡彥斌,songname,108.0,-25,10109
sdom0100,桃花朵朵開,阿牛,songname,128.0,-40,10100
sdom0093,霍元甲,周杰倫,songname,98.0,-20,10093
sdom0092,天馬行空,林子良,songname,75.15,-15,10092
sdom0086,一時無倆,Twins,songname,118.0,-25,10086
sdom0085,星光,S.H.E,songname,99.0,-25,10085
sdom0084,不想長大,S.H.E,songname,93.0,-25,10084
sdom0076,I never told you,陳冠希,songname,90.0,-25,10076
sdom0075,嗆司嗆司,羅志祥,kgn,131.0,-20,10075
sdom0071,get the party,Pink,official,128.9,-30,10071
sdom0069,We'll Rock You,SDO,kgn,81.0,-25,10069
sdom0066,大舌頭,吳克群,songname,100.0,-29,10066
sdom0056,嘻唰唰,花兒樂隊,kgn,143.0,-25,10056
sdom0055,姐妹,張惠妹,songname,101.0,10,10055
sdom0048,第五街的誘惑,李玖哲,songname,116.0,-20,10048
sdom0046,God is a girl,9you,kgn,142.0,-35,10046
sdom0041,心中的HIP-HOP,新舞器,kgn,100.0,-25,10041
sdom0036,神話,5566,kgn,106.0,-25,10036
sdom0027,夜曲,周杰倫,songname,174.0,-55,10027
sdom0921,使者,N.R.G,kgn,127.0,-15,10026
sdom0010,不要忘了我,潘瑋柏,kgn,95.0,-35,10010
sdom0006,不得不愛,潘瑋柏,songname,80.0,-73,10006
sdom0005,快樂崇拜,潘瑋柏&張韶涵,songname,125.0,-30,10005
sdom0004,寵物男孩,COCO,songname,130.5,-11,10004
sdom0002,算你狠,陳小春,songname,93.0,-28,10002
sdom0001,野蠻遊戲,蔡依林,songname,139.0,-25,10001
sdom1,新手教學,DONOVAN,kgn,120.0,0.0,1
sdom0026,使者,N.R.G,kgn,127.0,-20,10026
sdom0039,I NEED YOU,麻吉弟弟,kgn,160.01,-20,10039
sdom0043,I Say Yeah,vilin,kgn,137.01,-30,10043
sdom0047,成人禮,朴志胤,kgn,99.05,-25,10047
sdom0063,DUB I DUB,sdo,kgn,136.01,-20,10063
sdom0073,永久指標,エイジアエンジニア,kgn,85.0,-20,10073
sdom0087,像你的眼睛一樣,夏奇拉,kgn,127.0,-20,10087
sdom0103,木馬屠城記,王心凌,kgn,106.0,-70,10103
sdom0107,Anymotion,李孝利,kgn,134.1,-20,10107
sdom0108,第三次的愛,蔡妍,kgn,128.0,-25,10108
sdom0111,jewel song,寶兒,kgn,112.0,-20,10111
sdom0115,Give My Love,9you,kgn,90.0,-20,10115
sdom0117,Feel fine,倉木麻衣,kgn,152.0,-35,10117
sdom0118,NeverSayGoodbye,MY GIRL,kgn,100.02,,10118
sdom0129,So sick,Ne-yo,kgn,95.0,-40,10129
sdom0132,分開旅行,黃立行vs劉若英,kgn,86.0,-24,10132
sdom0141,Thank You,W-inds,kgn,139.98,-20,10141
sdom0142,I still love you,W-inds,kgn,170.0,-30,10142
sdom0143,this time,W-inds,kgn,153.98,-35,10143
sdom0147,花樣,松隆子,kgn,87.0,-20,10147
sdom0151,its like that,mariah carey,kgn,97.0,-20,10151
sdom0155,孤單芭蕾,李貞賢,kgn,132.0,-20,10155
sdom0173,Without You,TMY,kgn,134.01,-25,10173
sdom0175,狂,SG Wannabe,kgn,130.0,-15,10175
sdom0180,Luxury,Han Nah,kgn,120.0,-35,10180
sdom0189,沒有像我這樣的人,Super junior,kgn,115.0,-20,10189
sdom0191,Bingo,高耀太,kgn,150.0,,10191
sdom0195,七年的愛,金賢政,kgn,142.0,-20,10195
sdom0199,花火,高耀太,kgn,142.0,-20,10199
sdom0215,罪與罰,SG Wannabe,kgn,110.98,-20,10215
sdom0276,Super Junior,Se7en,kgn,86.0,-25,10276
sdom0294,lalalove,wk,kgn,125.0,-20,10294
sdom0295,Like Fire Tonight,KING,kgn,120.0,-20,10295
sdom0298,亞特蘭提斯少女,BOA,kgn,110.0,-75,10298
sdom0299,純情,高耀太,kgn,137.0,-20,10299
sdom0301,別冊附錄,NRG,kgn,132.01,-12,10301
sdom0303,第一天,孫燕姿,kgn,176.0,-55,10303
sdom0313,Mr.Q,蔡依林,kgn,152.0,-20,10313
sdom0400,moonlight shadow（REMIX）,groove coverage,kgn,140.0,-40,10400
sdom0403,Ice Cream,MCMong,kgn,110.0,-20,10403
sdom0408,I Love Rock & Roll,高耀太,kgn,158.0,-20,10408
sdom0436,Isn't It Strange,SamanthaMumba,kgn,144.58,-25,10436
sdom0456,負擔,白智英,kgn,140.0,-40,10456
sdom0460,ariari,李貞賢,kgn,144.0,-10,10460
sdom0488,Special Angel,高耀太,kgn,113.0,-25,10488
sdom0691,Like This 13,高耀太,kgn,140.0,0.0,10691
sdom0692,Tonight,高耀太,kgn,143.0,-30,10692
sdom0696,請你恰恰,汪佩蓉&酷龍,kgn,133.0,-10,10696
sdom0704,墜落天使,徐懷鈺,kgn,116.0,-25,10704
sdom0882,Baby Cat,李孝利,kgn,110.0,-15,10882
sdom0887,中國話,S.H.E,kgn,100.0,-25,10887
sdom0984,月牙灣,飛兒樂團,kgn,87.0,20,10984
sdom0996,有沒有像我這樣的人,Super Junior,kgn,120.0,-40,10996
sdom0998,聖少女領域,ALI PROJECT,kgn,137.0,-20,10998
sdom1000,謊言,BigBang,kgn,125.0,0.0,11000
sdom1002,日之夏,GOLF MIKE,kgn,125.01,-26,11002
sdom1005,來過倒,Super Junior,kgn,139.01,-20,11005
sdom1010,淘氣女孩,裴澀琪,kgn,141.0,-60,11010
sdom1023,去吧愛,張慧珍,kgn,135.0,-40,11023
sdom1056,觸電,芭比娃娃,kgn,140.0,-21,11056
sdom1062,PASIO,島谷,kgn,120.0,-40,11062
sdom1069,彗星,允河,kgn,155.0,-20,11069
sdom1070,just communication,TWO MAX,kgn,132.0,-25,11070
sdom1083,Crazy Dog,BigBang,kgn,123.0,-15,11083
sdom1084,傻瓜,BigBang,kgn,125.0,-25,11084
sdom1085,最後的問候,Bigbang,kgn,135.0,-25,11085
sdom1099,等待,高耀太,kgn,142.01,0.0,11099
sdom1105,月亮代表我的心裡有問題,三角COOL,kgn,94.02,-20,11105
sdom1106,下雪的夜晚,神話,kgn,126.0,-20,11106
sdom1116,絲路,梁靜茹,kgn,146.0,-20,11116
sdom1117,DREAMS,Romantic mode,kgn,127.9,-12,11117
sdom1118,INVOKE,T.M.Revolution,kgn,152.03,-25,11118
sdom1120,I believe,Tata Young,kgn,117.0,-25,11120
sdom1169,Fortune,玉置成實,kgn,137.0,-20,11169
sdom1173,Reason,玉置成實,kgn,130.0,-25,11173
sdom1181,My Name,烏龜,kgn,130.0,-10,11181
sdom1182,Sing lala,烏龜,kgn,127.0,-25,11182
sdom1183,便宜點吧,烏龜,kgn,130.0,-25,11183
sdom1188,I Love You,Eight,kgn,130.0,-25,11188
sdom1194,傻瓜,seeya,kgn,134.0,-25,11194
sdom1197,危險的演出,蔡妍,kgn,134.0,-20,11197
sdom1220,Shining Collection,Iceman,kgn,170.0,-25,11220
sdom1221,Through the Fire and Flames,DRAGONFORCE,kgn,200.02,-60,11221
sdom1222,black dragon,Luca Turilli,kgn,173.0,-19,11222
sdom1223,bbblow,onoken,kgn,160.0,-4,11223
sdom1228,Conga SAS,HI CUTIE,kgn,136.0,-25,11228
sdom1229,BadX,Techno Sensation,kgn,146.0,-34,11229
sdom1231,Deja Vu,SS501,kgn,117.0,-35,11231
sdom1232,STAY,STAY,kgn,160.08,-10,11232
sdom1233,Turbo,黑貓,kgn,135.01,-20,11233
sdom1234,God Know,平野綾,kgn,150.0,-20,11234
sdom1235,為你唱的歌,SS501,kgn,128.0,-20,11235
sdom1237,MonStAR,平野綾,kgn,148.0,-26,11237
sdom1285,happy happy,宋寶蘭,kgn,155.0,-32,11285
sdom1293,Selfish Love,LEXY,kgn,120.0,-20,11293
sdom1296,Super Star,超新星,kgn,128.0,-16,11296
sdom1298,穿越時空的愛戀,Brandy,kgn,160.0,-28,11298
sdom1306,Bad Boy,孫丹菲,kgn,130.0,-30,11306
sdom1309,瘋了,MC夢,kgn,122.0,-49,11309
sdom1352,Love Dance,Super Kidd,kgn,144.0,-20,11352
sdom1357,Don't You Worry,Bown Eyes,kgn,118.0,-22,11357
sdom1358,在我之前,Enjel,kgn,118.0,-31,11358
sdom1361,搖擺吧,Kil,kgn,104.0,-23,11361
sdom1363,Go!!,Rhymer,kgn,130.0,-35,11363
sdom1408,step by step,Ballte,kgn,133.0,-25,11408
sdom1410,BRAND NEW WORLD,D-51,kgn,160.0,-50,11410
sdom1415,happy go,甦醒,kgn,130.0,-40,11415
sdom1417,Lady,BigBang,kgn,103.0,-30,11417
sdom1422,CRAZY LOVE,東方神起,kgn,129.0,-25,11422
sdom1425,伸展翅膀,烏龜,kgn,135.0,-25,11425
sdom1427,Luv U,Battle,kgn,126.0,-20,11427
sdom1428,Oh My Friend,Bigbang,kgn,142.0,-25,11428
sdom1430,Walk-My Love,J,kgn,120.0,-20,11430
sdom1431,Romi,Change,kgn,140.0,0.0,11431
sdom1433,沒關係,SSEN,kgn,135.0,-20,11433
sdom1435,U-Go-Girl,李孝利,kgn,101.0,-22,11435
sdom1438,夏日的請求,OH SONG,kgn,134.0,-20,11438
sdom1441,太陽昇起的那天,申智,kgn,130.0,-12,11441
sdom1442,我愛你,徐智英,kgn,125.0,-20,11442
sdom1445,Abyss -The Heavens Remix-,Ryu☆,kgn,171.0,-25,11445
sdom1446,愛情和戰爭,Davichi,kgn,132.0,-40,11446
sdom1470,偶然の確率,GIRL NEXT DOOR,kgn,121.0,-25,11470
sdom1471,間隔,G-Zone,kgn,135.0,-28,11471
sdom1472,討厭,G-Zone,kgn,146.0,-15,11472
sdom1473,Happy Birthday,NEWS,kgn,120.0,-40,11473
sdom1474,untouched,The Veronicas,kgn,177.0,-29,11474
sdom1477,WHATEVER,濱崎步,kgn,130.0,-25,11477
sdom1479,TABO0,幸田來未,kgn,126.0,-20,11479
sdom1480,The Kinslayer,Nightwish,kgn,177.58,-27,11480
sdom1501,感覺特別,胡彥斌,kgn,89.0,-25,11501
sdom1503,You are not alone,周定緯,kgn,60.0,-38,11503
sdom1534,high and mighty color,amazing,kgn,94.5,-25,11534
sdom1546,街道,林俊杰,kgn,125.0,-25,11546
sdom1547,GHOST REVIVAL,L.E.D.,kgn,148.0,-25,11547
sdom1551,So What,周定緯,kgn,105.0,-25,11551
sdom1552,Anisakis,朱雀,kgn,185.0,-25,11552
sdom1553,J219,Cranky,kgn,160.0,0.0,11553
sdom1554,Second Heaven,Ryu☆,kgn,149.0,-25,11554
sdom1555,嘆息之樹,金獅子,kgn,160.0,0.0,11555
sdom1557,華爛漫 -Flowers-,TERRA,kgn,160.0,0.0,11557
sdom1560,MOLA,News,kgn,120.0,-22,11560
sdom1561,我的主題曲,江語晨,kgn,94.0,6,11561
sdom1562,快樂英雄,潘瑋柏,kgn,100.0,-60,11562
sdom1563,リズム,青山黛瑪,kgn,127.0,5,11563
sdom1564,夢幻奇緣,袁成傑,kgn,130.0,-27,11564
sdom1565,Mendes,Humanoid,kgn,168.0,0.0,11565
sdom1566,The Prince of Darkness,M2U,kgn,160.0,0.0,11566
sdom1567,Number 1,Bigbang,kgn,115.0,0.0,11567
sdom1568,你在我心中,Eugene,kgn,125.0,0.0,11568
sdom1572,只有你,高耀太,kgn,130.0,0.0,11572
sdom1573,青蛙不是王子,1983,kgn,94.4,0.0,11573
sdom1574,大声ダイヤモンド,AKB48,kgn,174.0,12,11574
sdom1575,Lollipop,Bigbang,kgn,120.0,0.0,11575
sdom1579,Super Man,Mario,kgn,116.0,27,11579
sdom1581,U R Man,SS501,kgn,117.0,0.0,11581
sdom1613,PlayBoy,Yipani,kgn,125.0,8,11613
sdom1614,不眠症,輝星,kgn,125.4,0.0,11614
sdom1615,櫻花開了,江語晨,kgn,85.0,0.0,11615
sdom1617,PARTY TONIGHT,金錫民,kgn,126.6,0.0,11617
sdom1618,厭倦,裴澀琪,kgn,120.0,0.0,11618
sdom1623,Survivor,東方神起,kgn,125.0,20,11623
sdom1624,After School,AH,kgn,122.0,0.0,11624
sdom1625,Just Dance,Lady GaGa,kgn,119.0,0.0,11625
sdom1626,第二晚,M.H.IS,kgn,120.0,1,11626
sdom1627,Why I like you,Super Junior,kgn,126.0,0.0,11627
sdom1632,"SORRY, SORRY",Super Junior,kgn,130.0,0.0,11632
sdom1685,Fire,2NE1,kgn,126.0,-6,11685
sdom1686,Diva,After School,kgn,130.0,14,11686
sdom1688,傻瓜一樣,JunJin,kgn,125.0,5,11688
sdom1689,魅力人生,Miss Joo,kgn,110.0,-4,11689
sdom1693,就是你,SuperJunior,kgn,120.0,7,11693
sdom1698,Go Go,高耀太,kgn,146.0,4,11698
sdom1699,Nonsense,高耀太,kgn,132.0,0.0,11699
sdom1700,更愛你,高耀太,kgn,130.0,13,11700
sdom1703,記憶與回憶,金泰宇,kgn,120.0,-5,11703
sdom1704,夏娃的警告,高耀太,kgn,140.0,0.0,11704
sdom1705,真的嗎,高耀太,kgn,128.0,0.0,11705
sdom1706,I Like Choco,金正恩,kgn,120.0,0.0,11706
sdom1708,Vogue Girl,李貞賢,kgn,122.0,0.0,11708
sdom1709,你是我的,李貞賢,kgn,123.99,0.0,11709
sdom1731,連哭都是我的錯,東來東往,kgn,132.0,0.0,11731
sdom1737,So What,粉紅佳人,kgn,126.0,4,11737
sdom1738,Suga Luv,Bizniz,kgn,125.0,0.0,11738
sdom1739,說出願望吧,少女時代,kgn,123.0,0.0,11739
sdom1740,Etude,少女時代,kgn,128.0,0.0,11740
sdom1741,加減公式,Flying Girls,kgn,122.0,0.0,11741
sdom1742,白馬王子,Kara,kgn,126.0,,11742
sdom1743,星光閃耀的夜晚,OneTwo,kgn,128.0,0.0,11743
sdom1746,stand by me,shinee,kgn,111.0,18,11746
sdom1772,Keep You Much Longer,Akon,kgn,120.0,8,11772
sdom1773,troublemaker,Akon,kgn,122.0,-7,11773
sdom1775,So Beautiful,Bigbang,kgn,115.0,,11775
sdom1779,Glam Girl,Brown Eyed Girls,kgn,126.0,10,11779
sdom1783,加減公式,Flying Girls,kgn,122.0,10,11783
sdom1784,奢望,FT Island,kgn,140.0,0.0,11784
sdom1792,hot stuff,davichi,kgn,130.0,0.0,11792
sdom1793,The show,Lenka,kgn,123.0,34,11793
sdom1794,I love you,拜託小姐,kgn,112.0,0.0,11794
sdom1795,搖擺,蔡妍,kgn,130.0,0.0,11795
sdom1797,Jingle Jingle Bells,Bless,kgn,120.0,0.0,11797
sdom1799,你很美,Run,kgn,115.0,0.0,11799
sdom1800,強烈的你,Run,kgn,125.0,14,11800
sdom1801,Sweet Christmas,李賢智,kgn,131.0,,11801
sdom1817,Dreams Come True,4minute,kgn,165.0,0.0,11817
sdom1820,Crazy,Beast,kgn,140.0,0.0,11820
sdom1827,Bo Peep Bo Peep,Tiara,kgn,128.0,0.0,11827
sdom1828,你的愛,Tiara,kgn,102.0,0.0,11828
sdom1830,Happy Loving,王心凌,kgn,125.0,0.0,11830
sdom1833,BingBingBing,F.T.Island,kgn,190.0,14,11833
sdom1834,Love Attack,IU,kgn,131.0,0.0,11834
sdom1835,Not Your Girl,Rainbow,kgn,127.0,-13,11835
sdom1836,Apple Is A,Tiara,kgn,136.0,0.0,11836
sdom1837,"Oh, Yes!",高耀太,kgn,128.0,13,11837
sdom1838,PRIDE OF GLORY,水樹奈奈,kgn,148.0,0.0,11838
sdom1839,甩蔥歌,初音未來,kgn,119.0,0.0,11839
sdom1841,kiss,2ne1,kgn,120.0,0.0,11841
sdom1843,Strong Baby,BigBang,kgn,118.0,0.0,11843
sdom1844,One Love,Super Junior 銀赫 KRY,kgn,97.0,0.0,11844
sdom1846,I'm So Sorry,我不管家族,kgn,127.0,0.0,11846
sdom1847,Crazy4s,2PM,kgn,132.0,-6,11847
sdom1848,super girl,superjunior,kgn,125.0,-7,11848
sdom1849,ttl time to love,T-ara & Supernova,kgn,105.0,-14,11849
sdom1851,tell me,wonder girls,kgn,127.0,3,11851
sdom1852,Every Heart,寶兒,kgn,142.0,-20,11852
sdom1853,I don't care,2NE1,kgn,132.0,0.0,11853
sdom1854,oh!,少女時代,kgn,144.0,-15,11854
sdom1855,Wahrheit,妖精帝國,kgn,180.0,-1886,11855
sdom1856,泣いちゃうかも,早安少女組,kgn,120.0,0.0,11856
sdom1857,月下香,妖精帝國,kgn,160.0,20,11857
sdom1858,気まぐれプリンセス,早安少女組,kgn,134.0,20,11858
sdom1859,Poker Face,Lady GaGa,kgn,119.0,0.0,11859
sdom1860,Troublemaker,嵐,kgn,139.0,11,11860
sdom1861,經驗值upup,南家三姐妹,kgn,170.0,,11861
sdom1862,Earthquake,Little Boots,kgn,124.0,20,11862
sdom1863,PRIDE,High And Mighty Color,kgn,180.0,0.0,11863
sdom1864,Back to the day,相川七瀨,kgn,163.0,0.0,11864
sdom1865,君がいない未来,大無限樂團,kgn,140.0,20,11865
sdom1866,擁抱我小姐,山下智久,kgn,144.83,0.0,11866
sdom1867,不懂ing,2AM,kgn,164.0,0.0,11867
sdom1871,第四十號交響,Donovanlee,kgn,126.0,-27,11871
sdom1873,因為你笑了,原來我不帥,kgn,102.0,0.0,11873
sdom1887,Billie Jean,Michael Jackson,kgn,117.04,0.0,11887
sdom1888,Beat It,Michael Jackson,kgn,138.83,-12,11888
sdom1889,Smooth Criminal,Michael Jackson,kgn,118.22,0.0,11889
sdom1890,Dangerous,Michael Jackson,kgn,113.0,0.0,11890
sdom1891,MJ串燒,Michael Jackson,kgn,117.04,-20,11891
sdom1892,運命のルーレット廻して,ZARD,kgn,140.0,0.0,11892
sdom1894,DA DA BUL,Aurora,kgn,138.0,-10,11894
sdom1895,Magic,Brown Eyed Girls,kgn,123.0,7,11895
sdom1896,首班車,superjunior t,kgn,130.0,23,11896
sdom1897,RIVER,AKB48,kgn,106.53,20,11897
sdom1898,テクノキャット,Becky,kgn,140.0,0.0,11898
sdom1899,Wacko,Belinda peregrín schull,kgn,135.0,20,11899
sdom1900,Paradise,Da Buzz,kgn,99.5,20,11900
sdom1901,one more time,i13,kgn,130.0,0.0,11901
sdom1902,Dream Again,move,kgn,141.0,0.0,11902
sdom1903,Supermassive Black hole,Muse,kgn,120.29,0.0,11903
sdom1904,Run,Epik High,kgn,160.0,0.0,11904
sdom1905,SHERO,S.H.E,kgn,107.0,0.0,11905
sdom1906,Juliette,SHINee,kgn,109.0,0.0,11906
sdom1907,Happy Cooking,super junior,kgn,140.0,0.0,11907
sdom1908,Good Bye,Wonder Girls,kgn,120.0,0.0,11908
sdom1914,Stick Wit U,少女時代,kgn,158.0,0.0,11914
sdom1915,もっと君と,申彗星,kgn,120.0,0.0,11915
sdom1916,crazy woman,seeya davichi,kgn,76.0,5,11916
sdom1917,Chu,fx,kgn,125.0,4,11917
sdom1918,heymrbig,Jazzhiphop,kgn,142.0,5,11918
sdom1919,One More Time,Jewelry,kgn,132.06,0.0,11919
sdom1920,The Way You Do Me,JOJO,kgn,96.05,-5,11920
sdom1921,Different Tears,Wonder Girls,kgn,124.01,5,11921
sdom1922,Run Devil Run,少女時代,kgn,129.98,0.0,11922
sdom1923,GEE,少女時代,kgn,200.0,0.0,11923
sdom1924,BANG!,After School,kgn,120.0,0.0,11924
sdom1929,閃閃惹人愛,蕭亞軒,kgn,130.0,0.0,11929
sdom1935,ポニーテールとシュシュ,AKB48,kgn,160.0,0.0,11935
sdom1936,仆のYELL,AKB48,kgn,124.0,0.0,11936
sdom1937,愛情病,Dream Girls,kgn,126.0,0.0,11937
sdom1938,Because Of You,Gummy,kgn,141.0,-66,11938
sdom1939,IU,守護,kgn,120.0,6,11939
sdom1940,Rumble Fish,Toxic,kgn,123.0,11,11940
sdom1941,Push Push,SISTAR,kgn,127.0,20,11941
sdom1942,Bad Apple,Minoshima,kgn,138.0,0.0,11942
sdom1943,Smile Boy,李勝基、金妍兒,kgn,144.0,0.0,11943
sdom1944,Cabi Song,少女時代、2PM,kgn,134.0,20,11944
sdom1945,Grab Bag,西野カナ,kgn,120.0,4,11945
sdom1946,給我你的手,弦子,kgn,115.0,19,11946
sdom1987,Supermario,勁樂,kgn,100.0,0.0,11987
sdom1988,夢的預見,Brandy,kgn,140.0,0.0,11988
sdom1989,溫馨一刻,Hiro,kgn,122.0,5,11989
sdom1990,V3,勁樂,kgn,160.0,0.0,11990
sdom1991,幽靈盛典,勁樂,kgn,136.0,0.0,11991
sdom1992,Vivaldi in HipHop,勁樂,kgn,110.0,0.0,11992
sdom1993,零次元,Nao Paradigm,kgn,147.04,11,11993
sdom1994,野蜂飛舞,勁樂,kgn,185.0,8,11994
sdom1995,Can't Nobody,2NE1,kgn,130.0,0.0,11995
sdom1996,BEAUTIFUL HANGOVER,BigBang,kgn,133.0,15,11996
sdom1997,The Catalyst,Linkin Park,kgn,135.0,44,11997
sdom1998,One Life,No Angels,kgn,125.5,-7,11998
sdom1999,Green Light,Roll Depp,kgn,125.0,-7,11999
sdom2000,愛的抱抱,郭書瑤,kgn,130.0,15,12000
sdom2001,我想我是瘋了,李勝基,kgn,123.0,10,12001
sdom2002,Blues,蕭敬騰,kgn,192.0,0.0,12002
sdom2003,Give a Little More,Maroon 5,kgn,118.0,0.0,12003
sdom2004,上帝派我來愛你,王錚亮,kgn,87.0,0.0,12004
sdom2005,Skater Boy 滑板少年,Avril Lavigne,kgn,150.0,0.0,12005
sdom2006,Tomorrow,Avril Lavigne,kgn,68.0,0.0,12006
sdom2007,I Like It,Enrique Iglesias Pitbull,kgn,129.0,0.0,12007
sdom2008,Party Girl,McFly,kgn,125.0,,12008
sdom2009,壞天使,江映蓉,kgn,125.0,0.0,12009
sdom2010,左右,戴愛玲,kgn,144.0,0.0,12010
sdom2011,青春門,楊丞琳,kgn,122.0,0.0,12011
sdom2012,新流感,楊丞琳,kgn,142.0,3,12012
sdom2013,愛瘋頭,羅志祥,kgn,102.0,0.0,12013
sdom2014,大開眼界,魔幻1+1,kgn,112.0,0.0,12014
sdom2015,黑白之吻,SID,kgn,150.0,48,12015
sdom2016,黑吃黑,張惠妹,kgn,110.0,-5,12016
sdom2017,異想天開,楊丞琳,kgn,102.0,16,12017
sdom2018,Mission Statement,Stone Sour,kgn,170.0,0.0,12018
sdom2019,Break It,安室奈美惠,kgn,128.0,8,12019
sdom2020,講男講女,陳奕迅 露雲娜,kgn,95.0,0.0,12020
sdom2021,"Jump, Jump, Jump",高耀太,kgn,126.0,0.0,12021
sdom2022,夏天,李玖哲,kgn,94.0,0.0,12022
sdom2023,愛上你,BY2,kgn,64.0,0.0,12023
sdom2026,Mine,Taylor Swift,kgn,121.0,0.0,12026
sdom2027,現在開始我愛你,李勝基,kgn,134.0,0.0,12027
sdom2028,超級自戀男,喬洋,kgn,81.0,20,12028
sdom2030,Go Away,2NE1,kgn,128.0,52,12030
sdom2031,ヘビーローテーション,AKB48,kgn,178.0,0.0,12031
sdom2035,吻我好嗎,G.NA,kgn,92.0,-12,12035
sdom2036,Breaking News,邁克爾·傑克遜,kgn,113.0,0.0,12036
sdom2040,Hello,SHINee,kgn,97.0,0.0,12040
sdom2050,請播放音樂 DJ,miss A,kgn,132.0,,12050
sdom2051,Ma! Boy？,韓彩媛,kgn,124.0,4,12051
sdom2052,天空 大地 星星,T-ara,kgn,136.0,8,12052
sdom2053,Oh!我的女神,Trax,kgn,160.0,10,12053
sdom2054,Windows Of Myself,Tres.B,kgn,162.97,0.0,12054
sdom2055,男女共學,Too Late,kgn,135.0,0.0,12055
sdom2056,心碎了,吳宗赫,kgn,105.0,0.0,12056
sdom2057,說愛你,昭宥,kgn,65.0,30,12057
sdom2058,One Thing,4Minute,kgn,80.0,-40,12058
sdom2059,burning,瑪麗亞 - 亞瑞唐多,kgn,68.0,-33,12059
sdom2060,hello、hello,張根錫,kgn,98.0,-5,12060
sdom2061,Evans,DJ Yoshitaka,kgn,185.0,-20,12061
sdom2062,my precious,瑪麗外宿中,kgn,80.1,-31,12062
sdom2063,super star,Kara,kgn,113.0,14,12063
sdom2064,tell me your love,trax,kgn,120.0,0.0,12064
sdom2065,my bus,張根錫,kgn,115.0,0.0,12065
sdom2066,winner,不思議遊戲,kgn,132.28,0.0,12066
sdom2067,congratulation,瑪麗外宿中,kgn,90.0,0.0,12067
sdom2068,running,瑪麗外宿中,kgn,170.0,0.0,12068
sdom2069,亡靈,電鋸驚魂,kgn,147.0,0.0,12069
sdom2070,ピアノ协奏曲第1番“悲鸣”,岬,kgn,165.0,36,12070
sdom2071,Summer,久石讓,kgn,90.4,30,12071
sdom2072,Dragon Blade,Kozo Nakamura,kgn,240.0,0.0,12072
sdom2073,勿忘草,ピコ,kgn,170.0,0.0,12073
sdom2074,again,YUI,kgn,140.1,21,12074
sdom2075,Rain,YUI,kgn,155.0,20,12075
sdom2076,Stoer,ピコ,kgn,170.2,0.0,12076
sdom2077,Albida,DJ YOSHITAKA,kgn,185.0,0.0,12077
sdom2078,会いたいロンリークリスマス,℃-ute,kgn,142.0,0.0,12078
sdom2079,瞬間センチメンタル,SCANDAL,kgn,168.0,0.0,12079
sdom2090,only my railgun,fripSide,kgn,143.0,0.0,12090
sdom2091,S.H.E,JUJU,kgn,65.0,9,12091
sdom2092,love forever,加藤ミリヤ&清水翔太,kgn,120.0,22,12092
sdom2093,情歌沒有告訴你,梁靜茹,kgn,67.0,-29,12093
sdom2094,メルト,初音,kgn,170.0,-5,12094
sdom2095,她說,林俊杰,kgn,85.0,3,12095
sdom2096,那個女人,秘密花園,kgn,70.0,-1,12096
sdom2097,falling,Beast,kgn,120.0,-4,12097
sdom2098,寂寞寂寞就好,田馥甄,kgn,76.0,-9,12098
sdom2099,trust you,伊藤由奈,kgn,89.0,-4,12099
sdom2100,都是因為你,Beast,kgn,100.0,-8,12100
sdom2101,Forget You,CEE LO GREEN,kgn,127.5,11,12101
sdom2102,Black & White,G.NA,kgn,134.0,-13,12102
sdom2103,B.o.B  Price Tag,Jessie J Feat,kgn,87.5,0.0,12103
sdom2104,可疑的男人,李貞賢,kgn,128.0,0.0,12104
sdom2105,genie,少女時代,kgn,123.0,0.0,12105
sdom2106,hoot,少女時代,kgn,128.0,0.0,12106
sdom2107,Visual Dream,少女時代,kgn,131.0,0.0,12107
sdom2108,distance,西野カナ,kgn,140.0,0.0,12108
sdom2109,dream high,2PM,kgn,127.0,-7,12109
sdom2110,rolling in the deep,adele,kgn,105.0,12,12110
sdom2111,we r who we r,ke$ha,kgn,120.0,0.0,12111
sdom2112,wish,olivia,kgn,162.0,-9,12112
sdom2113,每天每天,殆死悲愛,kgn,85.0,-7,12113
sdom2114,orion,中島美嘉,kgn,72.0,0.0,12114
sdom2115,a manin love,super junior,kgn,100.0,20,12115
sdom2116,supa luv,teen top,kgn,116.0,0.0,12116
sdom2117,telephone,lady gaga feat. beyonce,kgn,122.0,7,12117
sdom2118,Shining Star,超新星,kgn,130.0,-10,12118
sdom2119,令人興奮,殆死悲愛,kgn,120.0,0.0,12119
sdom2120,Kiss Me 愛してる,°C-ute,kgn,152.0,-8,12120
sdom2121,abracadabra,brown eyed girls,kgn,128.0,-16,12121
sdom2122,granade,bruno mars,kgn,111.0,0.0,12122
sdom2123,just the way u are,bruno mars,kgn,109.0,-14,12123
sdom2124,Alicia  OST,IU,kgn,136.0,-33,12124
sdom2125,吞噬太陽,trax,kgn,100.0,20,12125
sdom2126,flower dance,dj okawari,kgn,100.0,10,12126
sdom2127,luv letter,dj okawari,kgn,95.0,12,12127
sdom2128,Lilac,中島岬,kgn,170.0,9,12128
sdom2129,Tempest,中島岬,kgn,135.0,40,12129
sdom2130,香水,徐佳瑩,kgn,118.0,7,12130
sdom2131,love the way you lie,Eminem&rihanna,kgn,87.0,-3,12131
sdom2132,High High,Bigbang,kgn,130.0,6,12132
sdom2133,Jumping,KARA,kgn,126.0,0.0,12133
sdom2134,おしゃれマイドリーム,小川真奈,kgn,137.0,0.0,12134
sdom2135,Turtles,烏龜組合,kgn,135.0,3,12135
sdom2136,Eyes Wide Shut,JLS,kgn,128.0,20,12136
sdom2137,For You,Rie.fu,kgn,100.0,5,12137
sdom2138,kasio,taru,kgn,108.0,20,12138
sdom2139,maybe,閔先藝,kgn,100.0,0.0,12139
sdom2140,動畫歌曲串燒,動畫歌曲串燒,kgn,136.0,0.0,12140
sdom2171,最愛,2AM,kgn,78.0,0.0,12171
sdom2172,WHY,4Minute,kgn,130.0,0.0,12172
sdom2173,けない心,AAA,kgn,134.0,4,12173
sdom2174,チャンスの顺番,akb48,kgn,158.0,5,12174
sdom2175,約定,a.n.jell,kgn,130.0,27,12175
sdom2176,dash girl,尹恩惠,kgn,140.0,8,12176
sdom2177,我的女友是九尾狐,諾珉宇,kgn,90.0,0.0,12177
sdom2178,依然,李弘基,kgn,118.0,5,12178
sdom2179,Lovely Day,樸信惠,kgn,127.0,0.0,12179
sdom2180,虹Niji,BEAST,kgn,102.0,0.0,12180
sdom2181,walking on sunshine,樸寶英,kgn,109.0,0.0,12181
sdom2182,自由時代,樸寶英,kgn,130.0,13,12182
sdom2183,ミライボウル,Momoiro Clover,kgn,150.0,,12183
sdom2184,我認識的人,SG Wanna Be,kgn,69.0,-1,12184
sdom2185,Girl,金亨俊,kgn,128.0,-14,12185
sdom2186,アンサイズニア,One Ok Rock,kgn,188.0,0.0,12186
sdom2187,劉佳 愛很美,sara,kgn,105.0,0.0,12187
sdom2188,ガチでいこうぜ!,白石稔,kgn,175.0,0.0,12188
sdom2189,dive to world,家庭教師第三季主題曲,kgn,147.0,0.0,12189
sdom2190,旅行,瀧&翼,kgn,124.0,0.0,12190
sdom2191,lonely,2 ne1,kgn,95.0,,12191
sdom2192,Time Is,DNT,kgn,116.0,0.0,12192
sdom2193,danger,f x,kgn,118.0,0.0,12193
sdom2194,nu abo,f x,kgn,95.0,0.0,12194
sdom2195,hello hello,f.t、island,kgn,200.0,0.0,12195
sdom2196,Oh! Honey,Secret,kgn,130.0,0.0,12196
sdom2197,星光月光,Secret,kgn,130.0,0.0,12197
sdom2198,give me every thing,pitbull,kgn,129.0,0.0,12198
sdom2199,The Kinslayer,Nightwish,kgn,177.6,20,12199
sdom2200,克羅埃西亞狂想曲,Maksim Mrvica,kgn,96.0,0.0,12200
sdom2213,You&Me,田村ゆかり,kgn,160.0,0.0,12213
sdom2217,Bubble Pop!,金泫雅,kgn,146.0,0.0,12217
sdom2220,少女綺想曲 DreamBattle,東方,kgn,160.0,0.0,12220
sdom2221,拿去吧！水手服,幸運星,kgn,150.0,14,12221
sdom2222,Lion,中島愛&May'n,kgn,145.0,6,12222
sdom2223,コネクト,ClariS,kgn,175.0,0.0,12223
sdom2230,耀眼的你,Can,kgn,126.0,13,12230
sdom2241,it's alright,城市獵人,kgn,126.0,0.0,12241
sdom2242,Brand New Voice,花たん,kgn,141.0,0.0,12242
sdom2243,Figaro,Nine muses,kgn,118.0,0.0,12243
sdom2244,Be Starters!,喜多村英梨,kgn,168.0,20,12244
sdom2245,tok tok tok,super junior,kgn,147.0,0.0,12245
sdom2246,カワルミライ,ちょうちょ,kgn,167.0,0.0,12246
sdom2247,perfect man (永不言棄插曲),神話,kgn,108.0,0.0,12247
sdom2248,suddenly,金寶京,kgn,88.0,0.0,12248
sdom2249,青い栞,Galileo Galilei,kgn,132.0,0.0,12249
sdom2250,戦場に咲いた一輪の花,飛蘭,kgn,168.0,0.0,12250
sdom2251,桃源郷エイリアン,serial,kgn,170.0,0.0,12251
sdom2252,サムライハ ト(Some Like It Hot!!,SPYAIR,kgn,113.0,12,12252
sdom2253,Remember,EI,kgn,128.0,0.0,12253
sdom2254,Funny Bunny,ELLEGARDEN,kgn,130.0,0.0,12254
sdom2255,IN MY WORLD,ROOKiEZ is PUNK'D,kgn,190.0,0.0,12255
sdom2256,Bad Girl,少女時代,kgn,115.0,0.0,12256
sdom2257,對我來說她太漂亮了,金朝漢,kgn,65.0,0.0,12257
sdom2258,super junior,Mr. Simple,kgn,128.0,0.0,12258
sdom2259,太完美,superjunior m,kgn,106.0,0.0,12259
sdom2260,なないろ☆ナミダ,Tomato n' Pine,kgn,127.0,8,12260
sdom2261,letter song,ヲタみんver,kgn,63.0,28,12261
sdom2262,Good Bye,米娜(Mina),kgn,120.0,0.0,12262
sdom2263,直到無法呼吸,BBAN,kgn,90.0,0.0,12263
sdom2264,風之旋律,IU,kgn,160.0,-3,12264
sdom2265,White(被詛咒的旋律 OST),PinkDolls,kgn,138.0,0.0,12265
sdom2266,Hero,Simon D,kgn,110.0,-7,12266
sdom2267,Demon,樸宰範,kgn,121.0,0.0,12267
sdom2268,Time Is,吳鍾赫,kgn,67.0,0.0,12268
sdom2269,戰,尚雯婕,kgn,74.0,20,12269
sdom2270,Red Sign,Kevin,kgn,150.0,0.0,12270
sdom2271,In Heaven,JYJ,kgn,76.0,0.0,12271
sdom2272,戀愛的三種技巧,殆死悲爱、申乾,kgn,109.0,20,12272
sdom2273,我愛你,SG Wanna be,kgn,79.0,6,12273
sdom2274,FATE,酷懶之味,kgn,110.0,7,12274
sdom2275,Log-in,T-ARA,kgn,135.0,40,12275
sdom2276,電人、暁に斃れる。,L.E.D.-G,kgn,165.0,0.0,12276
sdom2277,BLOOD on FIRE,AAA,kgn,155.0,0.0,12277
sdom2278,My Spirit Will Go On,dragonforce,kgn,200.0,0.0,12278
sdom2279,Vortex,DJ,kgn,172.0,6,12279
sdom2288,客官 不可以,徐良 小凌,kgn,95.0,0.0,12288
sdom2289,你為我著迷,鄭容和（CNBLUE）,kgn,147.0,9,12289
sdom2290,ok na ka,Katreeya,kgn,135.0,0.0,12290
sdom2291,takeover,mizz nina,kgn,124.0,0.0,12291
sdom2292,運命的事件の幸福,涼宮ハルヒの憂鬱,kgn,157.0,8,12292
sdom2294,on the floor,jennifer lopez,kgn,130.0,-8,12294
sdom2295,哈利路亞,rurutia,kgn,94.0,0.0,12295
sdom2296,a cha,super junior,kgn,125.0,0.0,12296
sdom2297,oops!,super junior,kgn,153.0,5,12297
sdom2298,風待ちジェット,Tsubasa翼2,kgn,109.0,,12298
sdom2299,青空のナミダ,Blood+高橋 瞳,kgn,175.0,0.0,12299
sdom2300,アニメサントラ,Chevalier騎士,kgn,80.0,0.0,12300
sdom2301,モザイクカケラ,code geass反叛的魯路修,kgn,130.0,35,12301
sdom2302,また あした,Every Little Thing,kgn,90.0,0.0,12302
sdom2303,黑い涙,土屋安娜,kgn,79.9,12,12303
sdom2304,Do-Dai,THE IDOLM@STER,kgn,171.0,15,12304
sdom2305,かえして! ニーソックス,らき☆すた,kgn,180.0,0.0,12305
sdom2306,Harmonies,不公正抽籤,kgn,110.0,-9,12306
sdom2307,Sweetest,草莓狂熱,kgn,178.0,5,12307
sdom2308,くちびる白昼夢,草莓狂熱,kgn,145.0,-1,12308
sdom2309,射手座☆午後九時Don’t be late,超時空要塞,kgn,165.0,6,12309
sdom2310,夢想歌,傳頌之物,kgn,134.0,0.0,12310
sdom2311,最強○×計畫,地上最強新娘,kgn,176.0,0.0,12311
sdom2312,寶石(井上麻裡奈),柯賽特的肖像,kgn,128.0,6,12312
sdom2313,1000％SPARKING,魔法老師II,kgn,180.0,8,12313
sdom2314,晴れ時計,魔界奇兵,kgn,109.0,30,12314
sdom2315,shiny smile,天海春香萩原雪歩　秋月律子,kgn,170.0,13,12315
sdom2316,讓我們就這樣愛著吧（Apink）,A Pink,kgn,156.0,20,12316
sdom2317,Maximum,東方神起,kgn,85.0,10,12317
sdom2318,dream scape,Tsubasa翼2,kgn,90.0,8,12318
sdom2319,あい,不公正抽籤,kgn,120.0,-40,12319
sdom2320,分手的方法,曹圭賢,kgn,70.0,25,12320
sdom2321,Time Is (L)over,張佑赫,kgn,128.0,-20,12321
sdom2322,she,東方神起,kgn,66.0,0.0,12322
sdom2323,夜空中,After School Red,kgn,130.0,0.0,12323
sdom2324,君の知らない物語,化物語,kgn,165.0,20,12324
sdom2325,The Boys,少女時代,kgn,115.0,15,12325
sdom2355,最炫民族風,鳳凰傳奇,kgn,127.0,0.0,12355
sdom2376,君の神話～アクエリオン第二章,AKINO,kgn,164.0,0.0,12376
sdom2377,La-Di Da-Di,CROSS GENE,kgn,128.0,5,12377
sdom2378,Wanna,Kara,kgn,161.0,0.0,12378
sdom2379,shake it up!,kis-my-ft2,kgn,130.0,0.0,12379
sdom2380,華鳥風月,senya,kgn,123.0,7,12380
sdom2381,向全世界宣佈我愛你,孫子涵 李瀟瀟,kgn,110.0,5,12381
sdom2382,雪,杜雯媞,kgn,110.0,34,12382
sdom2383,燃點,胡夏,kgn,124.0,6,12383
sdom2384,I Love You More Than My Soul,樸奎利,kgn,138.0,65,12384
sdom2385,Happy Ending,樸宰範,kgn,125.0,10,12385
sdom2386,Flashback,After School,kgn,130.0,14,12386
sdom2387,未来への咆哮,JAM Project,kgn,140.0,100,12387
sdom2388,キミにささげる あいのマホウ,ダ?カーポIII,kgn,91.0,12,12388
sdom2389,白月光,張信哲,kgn,75.0,20,12389
sdom2390,狂草,韓庚,kgn,100.0,35,12390
sdom2391,告白,平井堅,kgn,115.0,0.0,12391
sdom2392,對不起,樸正炫,kgn,85.0,20,12392
sdom2393,インモラリスト,堀江由衣,kgn,93.0,-74,12393
sdom2394,考試什麼的都去死吧,徐良,kgn,85.0,0.0,12394
sdom2395,Zzz,佐咲紗花,kgn,154.0,15,12395
sdom2396,Volume Up,minute,kgn,130.0,0.0,12396
sdom2397,Love Is Energy,CHICHI,kgn,126.0,0.0,12397
sdom2398,像最初一樣【I Do I Do OST】,Eden,kgn,128.0,0.0,12398
sdom2399,HISTORY,EXO-K,kgn,111.0,0.0,12399
sdom2400,Love,f(x),kgn,125.0,4,12400
sdom2401,抱我一次,Girl's Day,kgn,135.0,0.0,12401
sdom2402,Boyfriend,Justin Bieber,kgn,97.0,0.0,12402
sdom2403,西瓜BABY,Not yet,kgn,162.0,0.0,12403
sdom2404,桃花扇,汪蘇瀧,kgn,130.0,10,12404
sdom2405,白い雪のプリンセスは,初音未來,kgn,200.0,26,12405
sdom2406,Lead Me,SISTAR,kgn,98.0,5,12406
sdom2407,DAY BY DAY,T-ara,kgn,118.0,0.0,12407
sdom2408,HOLIDAY,T-ara,kgn,112.0,0.0,12408
sdom2409,我愛遊戲,T-ara,kgn,160.0,0.0,12409
sdom2410,終わりの世界から,麻枝準,kgn,148.0,0.0,12410
sdom2411,深愛,水樹奈奈,kgn,134.0,-15,12411
sdom2412,時空サファイア,水樹奈奈,kgn,170.0,0.0,12412
sdom2413,釋放自己,潘瑋柏,kgn,128.0,1,12413
sdom2414,"Sexy, Free & Single",Super Junior,kgn,115.0,0.0,12414
sdom2415,I Love You,2NE1,kgn,125.0,0.0,12415
sdom2416,Listen To The Rain,w-inds,kgn,110.0,16,12416
sdom2417,BUBIBU,A pink,kgn,118.0,20,12417
sdom2418,Start It Again,Aziatix,kgn,123.0,0.0,12418
sdom2419,Chase the world,May'n,kgn,170.0,7,12419
sdom2420,PONPONPON,またはきゃりーぱみゅぱみゅ,kgn,128.0,0.0,12420
sdom2421,ANDROID,東方神起,kgn,120.0,4,12421
sdom2422,大人ジェリービーンズ,渡邊麻友,kgn,157.0,0.0,12422
sdom2423,BLINK,東方神起,kgn,117.0,-520,12423
sdom2424,BRIGHT STREAM,水樹奈奈,kgn,158.0,0.0,12424
sdom2425,Butterfly,Jessica (少女時代),kgn,130.0,0.0,12425
sdom2426,Get Up,Nine Muses,kgn,120.1,40,12426
sdom2427,Spending all my time,Perfume,kgn,130.0,5,12427
sdom2428,江南style,Psy,kgn,132.0,6,12428
sdom2429,UNCOMMITTED,金俊秀,kgn,134.0,10,12429
sdom2430,fortissimo -the ultimate crisis,Fripside,kgn,145.5,5,12430
sdom2431,One More Night,Maroon 5,kgn,93.0,20,12431
sdom2432,Tarantallegra,金俊秀,kgn,120.0,9,12432
sdom2433,ANYMORE,徐仁英,kgn,128.0,0.0,12433
sdom2434,Spy,Super Junior,kgn,115.0,34,12434
sdom2435,愛情闖進門,BY2,kgn,95.0,0.0,12435
sdom2436,沒有男人也能好好的,miss A,kgn,156.0,0.0,12436
sdom2437,Catch Me,東方神起,kgn,128.0,0.0,12437
sdom2438,你的名作,輝星,kgn,130.0,0.0,12438
sdom2439,我們在改變,魏晨,kgn,125.0,0.0,12439
sdom2440,V SPACE,魏晨,kgn,128.0,28,12440
sdom2441,Look At Me,Jewelry,kgn,128.0,20,12441
sdom2442,crossing field,Lisa（リサ）,kgn,179.0,0.0,12442
sdom2443,君のCW,チームサプライズ,kgn,174.0,0.0,12443
sdom2444,小叮噹,孫佳仁,kgn,120.0,32,12444
sdom2445,潛靈暗湧,I.S,kgn,154.0,0.0,12445
sdom2446,惡靈暗湧,Kinato,kgn,155.0,20,12446
sdom2447,Crying in the Dark,SeasonFinal,kgn,199.0,0.0,12447
sdom2448,Extra 1st is ミユグ,SeasonXXX,kgn,150.0,0.0,12448
sdom2449,Extra 2nd is エルの天秤,SeasonXXXXX,kgn,156.0,0.0,12449
sdom2450,Extra 3rd is Crimson Dead Techni,SeasonXXXXX,kgn,138.87,0.0,12450
sdom2451,Liberating prayer !!,SeasonⅫ,kgn,180.0,0.0,12451
sdom2452,イノセントステイン,SeasonⅩ,kgn,151.0,14,12452
sdom2453,Jul.Dream,SeasonⅪ,kgn,180.0,0.0,12453
sdom2454,Where...,SeasonⅨ,kgn,140.0,0.0,12454
sdom2455,Over the sky,SeasonⅧ,kgn,140.0,0.0,12455
sdom2456,Air Trancer,SeasonⅦ,kgn,140.0,-65,12456
sdom2457,Reflection,SeasonⅥ,kgn,132.0,0.0,12457
sdom2458,Bloody Brand,SeasonⅤ,kgn,90.0,0.0,12458
sdom2459,Scarlet Blow,SeasonⅣ,kgn,165.0,8,12459
sdom2460,blending rotation,SeasonⅢ,kgn,180.0,5,12460
sdom2461,Oriental Wind,SeasonⅡ,kgn,137.0,20,12461
sdom2462,Executioner,SeasonⅠ,kgn,145.31,0.0,12462
sdom2463,空冥之嘆,DM ashura,kgn,128.0,0.0,12463
sdom2464,贖罪,Euphoreon,kgn,204.0,0.0,12464
sdom2465,LET'S GO OUT,AMOYAMO,kgn,178.0,-13,12465
sdom2466,走過,B1A4,kgn,133.0,0.0,12466
sdom2467,花又開好了,S.H.E,kgn,117.0,0.0,12467
sdom2468,Song 4 u,濱崎步,kgn,128.0,0.0,12468
sdom2469,重口味,陳奕迅,kgn,150.0,0.0,12469
sdom2470,Climactic Cry,少女病,kgn,140.0,-28,12470
sdom2471,FLOWER POWER,少女時代,kgn,118.0,10,12471
sdom2473,福爾摩斯,蕭敬騰,kgn,127.0,0.0,12473
sdom2474,意気地なしマスカレード,指原莉乃,kgn,137.0,20,12474
sdom2475,Luv Me,D-Unit,kgn,95.0,0.0,12475
sdom2476,Where Is My Love,STi,kgn,102.0,0.0,12476
sdom2477,HIGH歌,黃齡,kgn,108.0,0.0,12477
sdom2478,Maker,盧志勳,kgn,90.0,0.0,12478
sdom2479,queen,孫丹菲,kgn,126.0,0.0,12479
sdom2480,冷,Epik High,kgn,112.0,0.0,12480
sdom2481,Ice Cream,金泫雅,kgn,120.0,0.0,12481
sdom2482,1'2'3'4,李夏怡,kgn,116.0,4,12482
sdom2483,我受罰,盧志勳,kgn,115.0,0.0,12483
sdom2484,Beep Beep,少女時代,kgn,144.0,0.0,12484
sdom2485,发飆(终极王者版),Spexial,kgn,92.5,32,12485
sdom2486,Playing With Fire,Darin,kgn,127.0,15,12486
sdom2487,Don't Forget Me,Girl's Day,kgn,134.0,4,12487
sdom2488,Popular Song (feat. Ariana Grand,Mika,kgn,99.0,9,12488
sdom2489,If You Love Me (Feat.樸宰範),N.S允智,kgn,170.0,0.0,12489
sdom2490,要瘋了,Teen Top,kgn,140.0,0.0,12490
sdom2491,無限速,本兮 feat. 阿悄,kgn,160.0,0.0,12491
sdom2492,LIPSTICK,橙子焦糖,kgn,126.0,0.0,12492
sdom2493,即刻出發,吉克雋逸,kgn,80.0,25,12493
sdom2494,Missing You,權志龍,kgn,123.0,5,12494
sdom2495,You And Me,Andy,kgn,90.0,0.0,12495
sdom2496,雨聲,B.A.P,kgn,98.0,0.0,12496
sdom2497,5 My Baby,Beast、Apink,kgn,120.0,0.0,12497
sdom2498,Last Farewell,Big Bang,kgn,135.0,0.0,12498
sdom2499,謊言,Big Bang,kgn,125.0,0.0,12499
sdom2501,想怎樣,Big Bang,kgn,128.0,0.0,12501
sdom2502,OH BABY,Big Bang,kgn,110.0,0.0,12502
sdom2503,Without You,Blue,kgn,190.0,0.0,12503
sdom2504,那樣的你,BoA,kgn,100.0,0.0,12504
sdom2505,Bingo,Turtles,kgn,135.0,6,12505
sdom2506,Electric Shock,F X,kgn,125.0,0.0,12506
sdom2507,I'm Yesterday,Jw、namolla Family,kgn,92.0,0.0,12507
sdom2508,他算什麼,MYNAME,kgn,130.0,0.0,12508
sdom2509,Beep Beep,少女時代,kgn,144.0,0.0,12509
sdom2510,MINIMANIMO,Tiny-G,kgn,110.0,0.0,12510
sdom2511,任性情人,王心凌,kgn,127.0,0.0,12511
sdom2512,Promise You,Super Junior K.R.Y.,kgn,136.0,0.0,12512
sdom2513,Love Song,神話,kgn,122.0,0.0,12513
sdom2514,I'M NOT OK,文熙俊,kgn,128.0,8,12514
sdom2515,憂傷旋律(Torrent mix),B0UNC3,kgn,157.0,0.0,12515
sdom2516,Phase 2,DM Ashura,kgn,150.0,0.0,12516
sdom2517,Harajuku Girls,Gwen Stefani,kgn,114.0,0.0,12517
sdom2518,Dr Feel Good,RaNia,kgn,124.0,0.0,12518
sdom2519,卡農(Techno Remix),Steven Lin,kgn,130.0,6,12519
sdom2520,超級奇蹟,Studio Doma,kgn,168.0,0.0,12520
sdom2521,Crystal World,Wa. remixed celas,kgn,180.0,-5,12521
sdom2522,Pure in Asia,東方,kgn,160.0,-5,12522
sdom2523,冷たい部屋、一人,小松未可子,kgn,80.0,20,12523
sdom2524,刀鋒偏冷,李宇春,kgn,96.9,7,12524
sdom2525,Rose-1,cornandbeans,kgn,175.0,5,12525
sdom2526,Euphorium,DM Ashura,kgn,158.0,19,12526
sdom2527,Crossing Those Hills,FF9,kgn,100.0,0.0,12527
sdom2528,放開心靈,Red Pulse,kgn,144.0,0.0,12528
sdom2529,貴族4,SHK,kgn,140.0,5,12529
sdom2530,V.C-金星狂歡-,t+pazolite,kgn,185.0,8,12530
sdom2531,Love,Wolf.R,kgn,100.0,16,12531
sdom2532,Necro Fantasy,東方,kgn,164.0,8,12532
sdom2533,That's Miko Reimu,IOSYS,kgn,150.0,0.0,12533
sdom2534,Try,P!nk,kgn,104.0,0.0,12534
sdom2535,KISSY KISSY,Smile,kgn,138.0,0.0,12535
sdom2536,自己呀,樸株會,kgn,140.83,20,12536
sdom2537,Close Your Eyes,澤野弘之,kgn,147.0,0.0,12537
sdom2538,Breaking The Habit,Linkin Park,kgn,100.0,-20,12538
sdom2539,Emerald Sword,Rhapsody of Fire,kgn,180.0,0.0,12539
sdom2540,S.S-惡靈暗湧-,Kinato,kgn,155.0,0.0,12540
sdom2541,貴族5,SHK,kgn,140.0,0.0,12541
sdom2542,EOS,ginkiha,kgn,175.0,0.0,12542
sdom2543,地震,KAZE.o2SE,kgn,150.0,0.0,12543
sdom2544,La grand bleu,DJ-EZ2DJ,kgn,164.0,20,12544
sdom2545,Child In Paradise,maksim,kgn,128.0,0.0,12545
sdom2546,Kinato Ymir,nato,kgn,170.0,5,12546
sdom2547,黑洞8,PLight,kgn,170.0,10,12547
sdom2548,Bird Sprite(D.K.R.mix),ツナマヨちゃん,kgn,146.0,40,12548
sdom2549,穿越時空的愛戀,Brandy,kgn,160.0,20,12549
sdom2550,Baby,Justin Bieber,kgn,130.0,9,12550
sdom2551,Gentleman,Psy,kgn,126.0,0.0,12551
sdom2552,深海少女,初音未來,kgn,137.0,0.0,12552
sdom2553,Blue Bird,ikimono gakari,kgn,152.11,20,12553
sdom2554,Flower Dance,Dj Okawari,kgn,100.0,,12554
sdom2555,克羅埃西亞狂想曲,maksim,kgn,96.0,,12555
sdom2556,Uranus,Tatsh SN2 Style,kgn,162.0,,12556
sdom2557,Broken,dj TAKA Feat. AiMEE,kgn,148.0,14,12557
sdom2558,赤訊號,Kevin.o2S,kgn,150.0,0.0,12558
sdom2559,向日葵の記憶,Innocent Key,kgn,145.0,11,12559
sdom2560,爆發！櫻桃紅唇之吻！,KOTOKO,kgn,140.0,20,12560
sdom2561,Trouble is friend,Lenka,kgn,118.0,25,12561
sdom2562,she is my sin,nightwish,kgn,153.0,0.0,12562
sdom2563,幻想境界,Red Pulse,kgn,144.0,13,12563
sdom2564,RED ZONE,Tatsh & Naoki,kgn,165.0,0.0,12564
sdom2565,白の魔法の光,圮鬲堝蚊,kgn,200.0,0.0,12565
sdom2566,Mellow Melody,CEUI,kgn,105.0,0.0,12566
sdom2567,Joker,D.J.Nero,kgn,184.0,0.0,12567
sdom2568,海洋之心,Yamajet,kgn,174.0,0.0,12568
sdom2569,憂傷的聖誕節,BeautifulDay,kgn,141.0,20,12569
sdom2570,Rainbow Tylenol,Kitsune^2,kgn,135.0,0.0,12570
sdom2571,仿如夢境,Deen,kgn,110.25,15,12571
sdom2572,Luv Letter,Dj Okawari,kgn,95.0,0.0,12572
sdom2573,Lunatic Sky,m2u,kgn,160.0,-93,12573
sdom2574,魅惑鋼琴,R.M.X,kgn,144.0,,12574
sdom2575,甩蔥DJ版,初音未來,kgn,125.0,0.0,12575
sdom2576,祝你聖誕快樂,玩家原創,kgn,189.33,0.0,12576
sdom2577,貝多芬的悲傷,蕭風,kgn,87.5,0.0,12577
sdom2578,Live It Up,Owl City,kgn,122.0,0.0,12578
sdom2579,Breath,金俊秀,kgn,120.0,0.0,12579
sdom2580,Shake It Up,KARA,kgn,135.0,0.0,12580
sdom2581,"Have, Don't Have",Dal★shabet,kgn,123.0,0.0,12581
sdom2582,女力,溫嵐,kgn,140.0,0.0,12582
sdom2583,愛投羅網,羅志祥,kgn,128.0,0.0,12583
sdom2584,Carry You(Remix),Union J,kgn,126.0,7,12584
sdom2585,第六十一分鐘,羅志祥,kgn,135.0,0.0,12585
sdom2586,Super Style,Spexial,kgn,132.0,0.0,12586
sdom2587,Empire State Glory,Dirty Androids,kgn,173.0,0.0,12587
sdom2588,Here We Go,Hard Rock Sofa,kgn,128.0,0.0,12588
sdom2589,Blind Love,CNBLUE,kgn,115.0,-20,12589
sdom2590,Tell Me Love,HISTORY,kgn,132.0,0.0,12590
sdom2591,片想い。~リナリア~,Sonar Pocket,kgn,128.0,-15,12591
sdom2592,感覺特別,胡彥斌、郭凌霞,kgn,89.0,0.0,12592
sdom2593,All For You,徐仁國、鄭恩地,kgn,104.0,-25,12593
sdom2594,LOVE DAY,梁耀燮、鄭恩地,kgn,120.0,-20,12594
sdom2595,我們相愛可以嗎,孫佳仁、趙權,kgn,118.0,0.0,12595
sdom2596,肩上蝶,金志文、湯曉菲,kgn,118.0,0.0,12596
sdom2597,Love Again,3rd Coast,kgn,128.0,0.0,12597
sdom2598,Let It Go(冰雪奇緣),Idina Menzel,kgn,137.0,20,12598
sdom2599,Way,Kara,kgn,171.0,0.0,12599
sdom2600,如果天還沒黑,星弟,kgn,140.0,0.0,12600
sdom2601,Change,Churchill,kgn,120.0,20,12601
sdom2602,LADIES,ICONIQ,kgn,176.0,0.0,12602
sdom2603,Replay,Raffaella Carra,kgn,128.0,20,12603
sdom2604,To Me,Rainbow,kgn,128.0,-15,12604
sdom2605,In,Simple Plan,kgn,148.0,-20,12605
sdom2606,ALONE,U-KISS,kgn,170.0,0.0,12606
sdom2607,Real Love,U-KISS,kgn,131.0,0.0,12607
sdom2608,後遺症,ZE:A,kgn,143.0,0.0,12608
sdom2609,The Dirty of Loudness,狂熱節拍,kgn,165.0,0.0,12609
sdom2610,舞魂再現,羅志祥,kgn,128.0,0.0,12610
sdom2611,成為魔女的理由,N.S允智,kgn,115.0,5,12611
sdom2612,Music Makes One,具俊燁,kgn,127.0,0.0,12612
sdom2613,Bad Apple!!(Remix),nomico,kgn,170.0,0.0,12613
sdom2614,The Creator,妖精帝國,kgn,140.0,20,12614
sdom2615,La Song,Rain,kgn,120.0,0.0,12615
sdom2616,Victory Korea,Super Junior,kgn,130.0,0.0,12616
sdom2617,1004,B.A.P,kgn,127.0,0.0,12617
sdom2618,Canon DJ,Beethoven,kgn,143.0,0.0,12618
sdom2619,Crush,2NE1,kgn,130.0,0.0,12619
sdom2620,Butterflies,Zendaya,kgn,154.0,,12620
sdom2621,Meet Her At Loveparade,DJ Aligator,kgn,140.0,0.0,12621
sdom2622,再見,孝琳,kgn,80.0,,12622
sdom2623,Bungee Jump,U-KISS,kgn,128.05,0.0,12623
sdom2624,入陣曲,五月天,kgn,120.0,0.0,12624
sdom2625,今天做什麼,4minute,kgn,133.0,0.0,12625
sdom2626,Bailando,Enrique Iglesias,kgn,91.0,0.0,12626
sdom2627,marry the night,adam lambert,kgn,133.0,0.0,12627
sdom2628,Miniskirt,AOA,kgn,120.0,0.0,12628
sdom2629,Kids Again(Radio Edit),Example,kgn,128.0,-20,12629
sdom2630,Something,Girl's Day,kgn,108.0,0.0,12630
sdom2631,像星星一樣,K.Will,kgn,96.0,0.0,12631
sdom2632,My Destiny,Lyn,kgn,128.0,0.0,12632
sdom2633,Sha La La,Maria Sagana,kgn,93.0,0.0,12633
sdom2634,MIRACLE,MYNAME,kgn,142.0,0.0,12634
sdom2635,想神馬有神馬 (feat. 吳莫愁),李代沫;吳莫愁,kgn,122.0,20,12635
sdom2636,夜空中最亮的星,逃跑計劃,kgn,108.0,,12636
sdom2637,離開他,Ailee,kgn,130.0,40,12637
sdom2638,Problem,Ariana Grande,kgn,103.0,0.0,12638
sdom2639,Eiforya,Armin,kgn,140.0,5,12639
sdom2640,Here With You,Asher Book,kgn,130.0,,12640
sdom2641,Action,BoA,kgn,128.0,0.0,12641
sdom2642,I Love My People,Eddie Wata,kgn,130.0,,12642
sdom2643,We Are Giants,Lindsey,kgn,128.0,-17,12643
sdom2644,Eifersucht,Rammstein,kgn,130.1,0.0,12644
sdom2645,Can't Remember To Forget You,Shakira,kgn,138.0,0.0,12645
sdom2646,La La La (Brazil 2014),Shakira,kgn,128.0,20,12646
sdom2647,Dragon Rider,Two Steps,kgn,160.0,0.0,12647
sdom2648,蝶,V6樂隊,kgn,117.1,0.0,12648
sdom2649,アパッショナート,水樹奈奈,kgn,193.0,0.0,12649
sdom2650,快到我碗裡來,王麟,kgn,124.0,,12650
sdom2651,波爺,曾志偉,kgn,116.0,0.0,12651
sdom2652,小蘋果 (電影《老男孩猛龍過江》宣,筷子兄弟,kgn,125.0,,12652
sdom2653,緣分,Mi2,kgn,72.0,300,12653
sdom2654,愛不愛我,大嘴巴,kgn,96.0,240,12654
sdom2655,打呼,潘瑋柏,kgn,124.0,180,12655
sdom2656,愛情呼救999,弦子,kgn,97.0,311,12656
sdom2657,他的貓,徐良,kgn,86.5,320,12657
sdom2658,Nowhere Near,Blake Reary,kgn,175.0,0.0,12658
sdom2659,Rainbow,Blake Reary,kgn,150.0,-5,12659
sdom2660,Hey Mr,Crayon Pop,kgn,144.0,0.0,12660
sdom2661,Your Captain Tonight,Elena,kgn,128.0,0.0,12661
sdom2662,Crystallize,Kylie,kgn,118.0,0.0,12662
sdom2663,Dame,Natalia,kgn,128.0,7,12663
sdom2664,Action,NINE MUSES,kgn,130.0,0.0,12664
sdom2665,XOXO,濱崎步,kgn,128.0,60,12665
sdom2666,英仙座,島谷瞳,kgn,142.8,40,12666
sdom2667,Shake Your Body,郭富城&羅志祥,kgn,126.0,55,12667
sdom2668,誰Control,韓庚,kgn,133.0,40,12668
sdom2669,ロミオとシンデレラ,花たん,kgn,170.0,80,12669
sdom2670,婚禮進行曲,門德爾松,kgn,99.9,120,12670
sdom2671,王者之聲,潘瑋柏,kgn,135.0,46,12671
sdom2672,Nightmare,Artists,kgn,134.25,0.0,12672
sdom2673,Hungover You,bella,kgn,140.0,0.0,12673
sdom2674,Light Em Up,Fall Out Boy,kgn,152.0,-1,12674
sdom2675,Bonfire,Knife Party,kgn,87.0,5,12675
sdom2676,Maps,Maroon 5,kgn,120.0,-5,12676
sdom2677,戰神,MP魔幻力量,kgn,130.0,-1,12677
sdom2678,OMG,Ruslan Nigmatullin,kgn,128.0,3,12678
sdom2679,春よ、来い,sama,kgn,95.0,82,12679
sdom2680,But I Love U,SISTAR,kgn,124.0,62,12680
sdom2681,OK GO!,SISTAR,kgn,128.0,75,12681
sdom2682,青春修煉手冊,TFBOYS,kgn,130.0,60,12682
sdom2683,Glow In the Dark,The Wanted,kgn,126.0,2,12683
sdom2684,The Freak Show,Various,kgn,143.0,-9,12684
sdom2685,YUME,吉田兄弟,kgn,135.0,57,12685
sdom2686,英雄野望,吴克羣,kgn,128.0,-170,12686
sdom2687,Winter Games,2PM,kgn,134.0,-1,12687
sdom2688,YOU ARE MY GIRL,B1A4,kgn,140.0,2,12688
sdom2689,Pump It,Bond,kgn,153.0,-25,12689
sdom2690,Sign,Brown Eyed Girls,kgn,134.0,0,12690
sdom2691,black bullet,fripSide,kgn,155.0,0,12691
sdom2692,Mamma Mia!,KARA,kgn,128.0,3,12692
sdom2693,Trouble,Neon Jungle,kgn,128.0,2,12693
sdom2694,U Beauty,100%,kgn,125.0,2,12694
sdom2695,Lucky Wannabeee!,T-ara,kgn,130.0,64,12695
sdom2696,Tonight,Union J,kgn,112.0,3,12696
sdom2697,Good Boy,白智英;龍俊亨（Beast）,kgn,130.0,70,12697
sdom2698,江南街,橙子焦糖,kgn,140.0,55,12698
sdom2699,reunion,狂熱節拍,kgn,184.0,35,12699
sdom2700,飛簷走壁,徐海星,kgn,130.0,75,12700
sdom2701,With You,周筆暢,kgn,120.0,75,12701
sdom2702,Never Close Our Eyes,Adam Lambert,kgn,135.0,-5,12702
sdom2703,17,Avril Lavigne,kgn,140.0,0,12703
sdom2704,TicToc,Belanova,kgn,132.0,-3,12704
sdom2705,Til It's Gone,Britney Spears,kgn,128.0,55,12705
sdom2706,Beautiful Day,G.NA,kgn,113.0,75,12706
sdom2707,Timing,Girl's Day,kgn,126.0,55,12707
sdom2708,We Run the Night,Havana Brown,kgn,127.0,55,12708
sdom2709,Wild,NINE MUSES,kgn,133.0,55,12709
sdom2710,Play 我呸,蔡依林,kgn,200.0,0,12710
sdom2711,MASAYUME CHASING,BoA,kgn,129.0,-5,12711
sdom2712,Pretty,breeze,kgn,128.0,-5,12712
sdom2713,美妙的寂寞,Eva,kgn,130.0,-5,12713
sdom2714,Yasisi,N.S允智,kgn,100.0,-5,12714
sdom2715,Mirrors,Natalia Kills,kgn,130.0,55,12715
sdom2716,Fireflies,Owl City,kgn,90.0,84,12716
sdom2717,未來先見,吴克羣,kgn,126.0,-5,12717
sdom2718,大大的擁抱,A-Lin,kgn,154.0,-5,12718
sdom2719,Piesa mea preferata,Vescan,kgn,92.0,70,12719
sdom2720,Never Know,西野加奈,kgn,90.0,87,12720
sdom2721,Bbibbi,Queen B'Z,kgn,126.0,65,12721
sdom2722,FEEL IT,U-KISS,kgn,120.0,69,12722
sdom2723,Shape of your heart,U-KISS,kgn,123.0,-10,12723
sdom2724,約會對白,孫子涵,kgn,123.0,0,12724
sdom2725,永遠フレンズ,新田恵海,kgn,156.0,0,12725
sdom2726,禁断のレジスタンス,水樹奈々,kgn,180.0,-25,12726
sdom2727,Sweet Talk,Samantha Jade,kgn,114.9,55,12727
sdom2728,Blue,Big Bang,kgn,125.03,80,12728
sdom2729,BAD MAMA JAMA,BIGFLO,kgn,120.0,60,12729
sdom2730,那,Mi2,kgn,113.0,55,12730
sdom2731,Lie,N.SONIC,kgn,128.0,55,12731
sdom2732,Reset,N.SONIC,kgn,132.0,55,12732
sdom2733,Run & Run,N.SONIC,kgn,104.0,0,12733
sdom2734,She`s Bad,Natthew,kgn,128.0,-5,12734
sdom2735,Shalala Ring,NU'EST,kgn,134.0,0,12735
sdom2736,Mi Amor,赤西仁,kgn,128.0,0,12736
sdom2737,After School,Diva,kgn,130.0,0,12737
sdom2738,Ma Boy 2,Electroboyz,kgn,95.0,0,12738
sdom2739,Hot Summer,F(x),kgn,123.0,0,12739
sdom2740,Beauty And A Beat,Justin Bieber、Nicki Minaj,kgn,128.0,55,12740
sdom2741,Action,NU’EST,kgn,103.0,35,12741
sdom2742,EYES,TaeTiSeo,kgn,103.0,54,12742
sdom2743,Lamb,GARNiDELiA,kgn,131.0,0,12743
sdom2744,Marry Me,金承熙,kgn,117.0,0,12744
sdom2745,愛的鼓勵,林俊杰,kgn,160.0,35,12745
sdom2746,鞋子特大號,周杰倫,kgn,108.0,75,12746
sdom2747,心跳,Infinite F,kgn,140.0,0,12747
sdom2748,Crystal,Apink,kgn,137.0,0,12748
sdom2749,Rainbow Rose,姜智英,kgn,124.0,57,12749
sdom2750,Mayday,Oran G,kgn,124.0,60,12750
sdom2751,Loving U,SISTAR,kgn,125.0,60,12751
sdom2752,Why So Serious,SHINee,kgn,110.0,-5,12752
sdom2753,Don't flirt,2WINNER,kgn,90.0,75,12753
sdom2754,Someday,IU,kgn,100.0,62,12754
sdom2755,愛情如此簡單,namolla family,kgn,98.0,70,12755
sdom2756,コイノシルシ,悠木碧,kgn,165.0,35,12756
sdom2757,チョコの奴隶,Ske48,kgn,137.0,55,12757
sdom2758,HOT SUN,金賢重,kgn,180.0,15,12758
sdom2759,TWINKLE TWINKLE,Secret,kgn,192.0,-25,12759
sdom2760,誰も知らない,嵐,kgn,142.0,-5,12760
sdom2761,大切な宝物,ちょうちょ,kgn,152.0,-5,12761
sdom2762,星光月光,secret,kgn,130.0,-5,12762
sdom2763,Take My Hand,GOT7,kgn,98.0,-5,12763
sdom2764,10分鐘前,Boyfriend,kgn,128.0,53,12764
sdom2765,Back To Earth,Steve Aoki,kgn,140.0,0,12765
sdom2766,Sugar,Maroon 5,kgn,120.0,55,12766
sdom2767,Pray to God,Calvin Harris,kgn,123.0,2,12767
sdom2768,Immortals,Fall Out Boy,kgn,108.0,71,12768
sdom2769,Five More Hours,Deorro,kgn,128.0,-25,12769
sdom2770,Understatement,Kristina,kgn,115.0,75,12770
sdom2771,Tonight Again,Guy Sebastian,kgn,106.0,5,12771
sdom2772,Crazy,4minute,kgn,88.0,79,12772
sdom2773,Blue Skies,Lenka,kgn,110.0,-5,12773
sdom2774,Pepe,CLC,kgn,130.0,55,12774
sdom2775,R.A.D.I.U.S,Camellia,kgn,140.0,1,12775
sdom2776,Doom Doom,MC夢,kgn,126.0,43,12776
sdom2777,This,Frankmusik,kgn,100.0,-45,12777
sdom2778,Black hole,U-KISS,kgn,141.0,54,12778
sdom2779,Verge,Owl City&Aloe Blacc,kgn,128.0,-7,12779
sdom2780,Believe,機動戰士高達,kgn,145.0,35,12780
sdom2781,Borders,Ramzoid,kgn,151.0,0,12781
sdom2782,子時,孫子涵,kgn,130.0,60,12782
sdom2783,Another You,Armin van Buuren、Mr. Probz,kgn,128.0,-5,12783
sdom2784,Baboy,Sebastian Castro,kgn,130.89,60,12784
sdom2785,Nobody Knows,Darin,kgn,132.0,0,12785
sdom2786,DJ Got Us Fallin' In Love,Usher,kgn,120.0,65,12786
sdom2787,Here It Is,Flo Rida,kgn,123.0,0,12787
sdom2788,Tiger,R3hab,kgn,128.0,62,12788
sdom2789,Beautiful to Me,Olly Murs,kgn,125.0,-5,12789
sdom2790,我管你,華晨宇,kgn,92.0,82,12790
sdom2791,Beautiful Now,Zedd、Jon Bellion,kgn,128.0,0,12791
sdom2792,聽,方大同,kgn,88.0,75,12792
sdom2793,Turn It Up,Grum,kgn,126.0,0,12793
sdom2794,電動王,麻吉弟弟,kgn,110.0,65,12794
sdom2795,Ain't Got Far To Go,Jess Glynne,kgn,144.0,-5,12795
sdom2796,Touch My Body,Mariah Carey,kgn,78.5,95,12796
sdom2797,Bitch Better Have My Money,Karmin,kgn,120.0,0,12797
sdom2798,Somebody,Natalie La Rose,kgn,105.0,60,12798
sdom2799,I Am,Leona Lewis,kgn,116.0,0,12799
sdom2800,CAN'T WAIT TO LOVE YOU,Beast,kgn,130.0,60,12800
sdom2801,Strip It Down,Luke Bryan,kgn,138.0,0,12801
sdom2802,Amaranth,Nightwish,kgn,128.0,75,12802
sdom2803,Shine,Years & Years,kgn,108.0,0,12803
sdom2804,On My Own,Ashes Remain,kgn,88.0,83,12804
sdom2805,Stayin Out All Night,Wiz Khalifa、Fall Out Boy,kgn,75.0,0,12805
sdom2806,Lights,Hurts,kgn,96.0,-4,12806
sdom2807,I'm In Love With A Monster,Fifth Harmony,kgn,145.0,-25,12807
sdom2808,Tom's Diner,Suzanne Vega,kgn,100.0,0,12808
sdom2809,Million Tears,Groove Coverage,kgn,128.0,0,12809
sdom2810,I Wish I Was,Zedd、Flo Cole,kgn,128.0,0,12810
sdom2812,戀愛多一點,花澤香菜,kgn,120.0,3,12812
sdom2813,壁咚,O2o Goddess,kgn,138.0,0,12813
sdom2814,Should've Been Us,Tori Kelly、Jeremih,kgn,90.0,-5,12814
sdom2815,Hourglasss,Disclosure、LION BABE,kgn,122.0,-5,12815
sdom2816,無所不在,吳莫愁,kgn,132.0,-5,12816
sdom2817,Comsic Ride,Befour,kgn,132.0,-5,12817
sdom2818,3,Britney Spears,kgn,135.0,15,12818
sdom2819,女神幻想曲,Miss Like,kgn,100.0,-10,12819
sdom2820,Gimme Gimme Luv,板野友美,kgn,128.0,0,12820
sdom2821,SummerThing!,Pitbull、Afrojack、Mike Taylor,kgn,130.0,-12,12821
sdom2822,看透,蔡妍、許仁昌,kgn,132.0,-17,12822
sdom2823,Hand in Hand,初音未來、livetune,kgn,128.0,0,12823
sdom2824,愛を叫べ,嵐,kgn,142.0,0,12824
sdom2825,我的天,權志龍、太陽、黃光熙,kgn,107.0,0,12825
sdom2826,Without You,Beast,kgn,92.0,-10,12826
sdom2827,PUPPY(Korean Ver.),FTISLAND,kgn,122.0,0,12827
sdom2828,Back Together,Nicki Minaj、Robin Thicke,kgn,118.0,0,12828
sdom2829,I Wanna Get Better,Bleachers、Tinashe,kgn,95.0,0,12829
sdom2830,Lion Heart,少女時代,kgn,125.0,-2,12830
sdom2831,Girl A,Alexandros,kgn,135.0,0,12831
sdom2832,Go Big Or Go Home,American Authors,kgn,122.0,-23,12832
sdom2833,Freak,Jay Sean,kgn,128.0,-5,12833
sdom2834,Burn Slow,Wiz Khalifa,kgn,125.0,-5,12834
sdom2835,Levels,Nick Jonas,kgn,102.0,0,12835
sdom2836,Doar Cu Tine,Activ,kgn,126.0,0,12836
sdom2837,Heart Attack,AOA,kgn,126.0,-5,12837
sdom2838,LOSER,BIGBANG,kgn,90.0,0,12838
sdom2839,One Step At A Time,Jordin Sparks,kgn,102.01,0,12839
sdom2840,Like Ooh-Ahh,Twice,kgn,142.0,0,12840
sdom2841,Dying For You,Otto Knows,kgn,122.0,0,12841
sdom2842,La Mordidita,Ricky Martin,kgn,142.01,-5,12842
sdom2843,Platonic Love,SNUPER,kgn,148.0,0,12843
sdom2844,Doo Be Di Boy,Smile,kgn,138.0,-5,12844
sdom2845,El Mismo Sol,Jennifer Lopez、Alvaro Soler,kgn,113.0,-5,12845
sdom2846,Believe It,Cimorelli,kgn,128.0,0,12846
sdom2847,Oops Jaime Pas Langlais,Gullia,kgn,104.34,0,12847
sdom2848,You’ll Be Mine,Havana Brown,kgn,127.0,-25,12848
sdom2849,The Original High,Adam Lambert,kgn,123.0,-25,12849
sdom2850,Johnny,Ailee,kgn,120.0,-5,12850
sdom2851,Magnets,Disclosure、Lorde,kgn,92.0,-25,12851
sdom2852,Around U,Ellie Goulding,kgn,83.0,-5,12852
sdom2853,So Crazy,T-ara,kgn,134.0,-5,12853
sdom2854,Hold On,AXODUS、Key,kgn,128.0,-25,12854
sdom2855,Hands To Myself,Selena Gomez,kgn,111.0,-5,12855
sdom2856,Cool For The Summer,Demi Lovato,kgn,114.0,-5,12856
sdom2857,Boys Like You,Ariana Grande,kgn,105.0,-45,12857
sdom2858,Cinderella,CNBLUE,kgn,120.0,0,12858
sdom2859,Sorry,Justin Bieber,kgn,100.0,-12,12859
sdom2860,Married To The Music,SHINee,kgn,106.0,0,12860
sdom2861,Different for Girls,"Dierks Bentley,Elle King",kgn,92.0,0,12861
sdom2862,One Dance,"Drake,WizKid,Kyla",kgn,104.0,-1,12862
sdom2863,Unbelievable,Owl City、Hanson,kgn,118.0,-5,12863
sdom2864,Player,Tinashe、Chris Brown,kgn,106.0,-5,12864
sdom2865,Can't Feel My Face,The Weeknd,kgn,108.1,29,12865
sdom2866,I Love You,A-Peace,kgn,132.0,0,12866
sdom2867,No Holding Back,"Hardwell,Craig David",kgn,130.0,-5,12867
sdom2868,Starving,Hailee Steinfeld,kgn,100.0,-25,12868
sdom2869,Don't You Know,"Kungs,Jamie N Commons",kgn,120.0,-1,12869
sdom2870,Winter Diary,浜崎あゆみ,kgn,110.0,10,12870
sdom2871,Let Me Hold You,Cheat Codes,kgn,103.0,-5,12871
sdom2872,Je m'en fous,Ridsa,kgn,122.0,-25,12872
sdom2873,ありがとう,SMAP,kgn,120.0,1,12873
sdom2874,Summer on You,Sam Feldt,kgn,126.0,-5,12874
sdom2875,Sofia,Alvaro Soler,kgn,128.0,-5,12875
sdom2876,Shut up!!,THE SECOND from EXILE,kgn,140.0,9,12876
sdom2877,嘿嘿嘿,費玉清,kgn,120.0,-5,12877
sdom2878,Wherever You Will Go,Jay Smith,kgn,112.0,-5,12878
sdom2879,I Was King,ONE OK ROCK,kgn,92.0,62,12879
sdom2880,尋找理想型,殆死悲愛,kgn,100.0,-12,12880
sdom2881,marry the night,Little Glee Monster,kgn,127.0,-3,12881
sdom2882,Don't Wanna Know,Maroon 5,kgn,100.0,-3,12882
sdom2883,The Greatest,Sia,kgn,96.0,3,12883
sdom2884,チキンLINE,SKE48,kgn,148.0,3,12884
sdom2885,Shake Your Body,羅志祥等,kgn,126.0,2,12885
sdom2886,My Boyfriend Is Gay,Hailey Rowe,kgn,118.0,-5,12886
sdom2887,Counting Stars,OneRepublic,kgn,122.0,2,12887
sdom2888,硝子の瞳,Sid,kgn,179.95,-100,12888
sdom2889,Imprinting,削除,kgn,175.0,-25,12889
sdom2890,Good Time,Jason Chen,kgn,126.5,-5,12890
sdom2891,Youngblood,Hilary Duff,kgn,100.0,-2,12891
sdom2892,Creatures Of The Night,"Hardwell,Austin Mahone",kgn,149.92,75,12892
sdom2893,Tiny Tiny,村川梨衣,kgn,91.02,-25,12893
sdom2894,Payphone,"Maroon 5,Wiz Khalifa",kgn,110.02,-5,12894
sdom2895,Swish Swish,"Katy Perry,Nicki Minaj",kgn,119.99,-25,12895
sdom2896,Cut to the Feeling,Carly Rae Jepsen,kgn,115.02,-14,12896
sdom2897,桃源戀歌,GARNiDELiA,kgn,131.01,-37,12897
sdom2898,The Lazy Song,Bruno Mars,kgn,87.5,-25,12898
sdom2899,白金ディスコ,井口裕香,kgn,117.02,-25,12899
sdom2900,Fade,Alan Walker,kgn,90.0,-65,12900
sdom2901,Stuttering,Fefe Dobson,kgn,87.99,-105,12901
sdom2903,Smile,Dami Im,kgn,144.01,-25,12903
sdom2904,Flow,Brittany Underwood,kgn,108.01,-15,12904
sdom2905,Bulletproof Heart,Indian Boi,kgn,128.01,0,12905
sdom2906,I Can Do It,Elin Lanto,kgn,91.35,6,12906
sdom2907,Told You So,Christopher,kgn,120.03,-25,12907
sdom2908,Que Sera,Justice Crew,kgn,100.03,-56,12908
sdom2910,Sexual Healing,Elize,kgn,99.0,-56,12910
sdom2911,Boys,Smile. DK,kgn,138.0,-25,12911
sdom2912,Get the Party Started,P!nk,kgn,128.93,-14,12912
sdom2913,Autumn Goodbye,Britney Spears,kgn,122.02,-53,12913
sdom2914,Price Tag,Fréro Delavega,kgn,96.01,-232,12914
sdom2915,Runaway,Groove Coverage,kgn,139.99,-25,12915
sdom2916,Out of Breath,Jared Lee,kgn,108.06,-25,12916
sdom2917,Panama,Matteo,kgn,100.02,-25,12917
sdom2918,Cooler Than Me,Mike Posner,kgn,130.01,-65,12918
sdom2919,Love Yourself,"Natio,Justin Bieber,Conor Mayna",kgn,100.01,95,12919
sdom2920,TEENAGE LIFE,Various Artists,kgn,90.0,-125,12920
sdom2921,Attention,Charlie Puth,kgn,100.03,-48,12921
sdom2922,Young,Cosmos & Creature,kgn,117.0,15,12922
sdom2923,Insomnia,Craig David,kgn,125.31,-57,12923
sdom2924,Galway Girl,Madilyn Bailey,kgn,99.92,-130,12924
sdom2925,When Can I See You Again？,Owl City,kgn,128.0,-77,12925
sdom2926,Everybody Hurts,Avril Lavigne,kgn,101.74,-5,12926
sdom2927,Juliet,LMNT,kgn,99.06,-45,12927
sdom2928,I Love The Rain,Claude Kelly,kgn,120.0,-65,12928
sdom2929,Tonight Tonight,Hot Chelle Rae,kgn,100.01,-69,12929
sdom2930,Not Another Song About Love,Hollywood Ending,kgn,130.08,-29,12930
sdom2931,Send It,"Austin Mahone,Rich Homie Quan",kgn,147.04,15,12931
sdom2932,"Calvin Harris,Rihanna",This Is What You Came For,kgn,123.99,-65,12932
sdom2933,Booty Music,Deep Side,kgn,120.0,-105,12933
sdom2934,Rumors,Jake Miller,kgn,120.01,-35,12934
sdom2935,SHADOW,Stevie Hoang,kgn,160.03,-25,12935
sdom2939,123我愛你,新樂塵符,kgn,90.0,203,12939
sdom2940,Please Don't Go,Afterfab,kgn,84.02,49,12940
sdom2941,佛系少女,馮提莫,kgn,128.01,-25,12941
sdom2942,帶你去旅行,校長（張馳）,kgn,114.0,-53,12942
sdom2943,海草舞,蕭全,kgn,128.0,-25,12943
sdom2944,俯瞰show,BIGMAMA,kgn,100.0,35,12944
sdom2945,ピースサイン,米津玄師,kgn,100.02,35,12945
sdom2946,雨き声残響,すぃ,kgn,92.95,95,12946
sdom2948,Lemon,春茶,kgn,87.06,55,12948
sdom2949,答案,"楊坤,郭采潔",kgn,148.03,15,12949
sdom0003,不如跳舞,陳慧琳,kgn,140.0,-30,10003
sdom0007,充電,李宰鎮,kgn,113.0,-25,10007
sdom0008,狠狠愛,vivan,kgn,112.0,-67,10008
sdom0009,禪舞不二,潘瑋泊,kgn,95.0,-71,10009
sdom0011,Funky Music,james browen,kgn,108.0,-30,10011
sdom0015,it’s  raining,RAIN,kgn,104.0,-20,10015
sdom0016,BooM BooM Dollar,DDR,kgn,135.0,-40,10016
sdom0020,希望找到,劉承俊,kgn,118.0,-29,10020
sdom0022,不朽的太陽,張佑赫,kgn,106.0,-20,10022
sdom0025,永遠喜歡,劉承俊,kgn,100.0,-30,10025
sdom0028,幸福,H.O.T,kgn,133.0,0.0,10028
sdom0029,Girls on top,寶兒,kgn,110.0,-30,10029
sdom0030,Bye Bye Bye,超級男孩,kgn,86.3,-10,10030
sdom0031,BUMP FIX,M,kgn,109.0,-25,10031
sdom0034,解釋男女,EZ2DANCER,kgn,86.03,-36,10034
sdom0040,Super Dancer,9you,kgn,137.7,-30,10040
sdom0042,One Love,平井堅,kgn,121.0,-16,10042
sdom0044,Break Down!,Be For U,kgn,190.0,-45,10044
sdom0045,the magic key,One-T&Cool-T,kgn,102.0,-36,10045
sdom0049,Pierrot,P I U,kgn,101.0,-120,10049
sdom0050,Amazing Kiss,寶兒,kgn,100.2,,10050
sdom0051,HEY DUDE,神話,kgn,98.0,-36,10051
sdom0053,搞怪蛙,Crazy frog,kgn,138.0,-31,10053
sdom0054,我想靠近你,孫燕姿,kgn,92.0,-27,10054
sdom0057,鈴兒響叮噹,chrildren,kgn,97.0,-30,10057
sdom0058,聖誕歌,韓國群星,kgn,123.0,40,10058
sdom0060,Far away from home,舞動精靈,kgn,90.9,-30,10060
sdom0061,she,舞動精靈,kgn,102.0,-34,10061
sdom0062,PARANOiA(180),DDR,kgn,180.0,-40,10062
sdom0064,pump it up,danzel,kgn,129.0,-27,10064
sdom0065,KITCHUP,SDO,kgn,92.5,-18,10065
sdom0067,Summer of Love,SDO,kgn,125.01,15,10067
sdom0068,hiphop horry,DJ Tommy,kgn,99.2,-55,10068
sdom0070,Chi Hua Hua,SDO,kgn,90.0,-15,10070
sdom0072,zips,T.M.Revolution,kgn,155.0,-25,10072
sdom0074,venus,孫燕姿,kgn,126.0,-20,10074
sdom0077,I could be the one,9you,kgn,133.0,-100,10077
sdom0078,keep sweatin,ray j feat,kgn,106.0,,10078
sdom0079,天下無敵,MC MONG,kgn,98.95,-30,10079
sdom0080,come over baby,克里斯帝娜,kgn,118.9,-10,10080
sdom0082,Max power,9you,kgn,152.3,-40,10082
sdom0088,新年好,中國娃娃,kgn,140.9,-20,10088
sdom0089,甜心戰士,幸田來未,kgn,155.0,-20,10089
sdom0090,花與劍,J.S,kgn,120.0,-20,10090
sdom0097,you-make-me-wanna,blue,kgn,79.0,-25,10097
sdom0098,逆鱗,周杰倫,kgn,88.0,-60,10098
sdom0101,Super Model,S.H.E,kgn,108.0,-25,10101
sdom0102,Firefly,A*Teens,kgn,82.0,-40,10102
sdom0104,二十二,陶喆,kgn,93.0,-20,10104
sdom0105,Like I Love You,賈斯汀,kgn,115.0,-35,10105
sdom0106,soundscape,B.O.A,kgn,142.0,-30,10106
sdom0112,一年後,Brown eyes,kgn,104.0,-25,10112
sdom0116,steal away,朴志胤,kgn,100.5,-55,10116
sdom0119,兩個人,蔡研,kgn,100.0,-25,10119
sdom0120,bombbud,軼名,kgn,146.56,-50,10120
sdom0121,Def tech my way,BrotherBeatin,kgn,100.0,-25,10121
sdom0126,奇蹟,寶兒,kgn,105.0,-20,10126
sdom0130,假裝正經,Twins,kgn,118.0,-30,10130
sdom0136,i can't go on,fir,kgn,126.0,-25,10136
sdom0149,My Girl,姜成勳,kgn,108.0,,10149
sdom0150,Show me your love,東方神起,kgn,117.0,-12,10150
sdom0152,feeling good,dapumb,kgn,106.1,-20,10152
sdom0153,Without your love,JTL,kgn,134.0,-20,10153
sdom0158,Dream,Rain,kgn,126.0,-20,10158
sdom0159,Addiction,寶兒,kgn,90.0,-30,10159
sdom0160,MOTO,寶兒,kgn,112.0,-21,10160
sdom0161,A HA,IVY,kgn,102.0,-25,10161
sdom0162,PASSION,JEWERY,kgn,110.0,-20,10162
sdom0163,走過來,蔡妍,kgn,98.0,-40,10163
sdom0164,Question,河佑善,kgn,100.0,-20,10164
sdom0165,自己呀,樸珠會,kgn,140.84,-20,10165
sdom0166,All The Way,Craig David,kgn,103.0,-20,10166
sdom0168,lose my breath,destinys child,kgn,119.02,-20,10168
sdom0174,Pretty Lady,輝星,kgn,140.0,-50,10174
sdom0176,暴風,Wannabe,kgn,112.02,-20,10176
sdom0177,Shake it off,Mariah Carey,kgn,134.0,-20,10177
sdom0181,The Game Of Love,艾微兒,kgn,119.79,-20,10181
sdom0183,當你,王心凌,kgn,136.0,15,10183
sdom0184,想飛,任賢齊,kgn,120.0,-15,10184
sdom0186,面具,安七炫,kgn,212.0,-20,10186
sdom0190,Crazy,SE7EN,kgn,110.0,-20,10190
sdom0192,The way U are,東方神起,kgn,108.01,-15,10192
sdom0194,十有八九,後弦,kgn,129.87,-25,10194
sdom0196,愛你,王心凌,kgn,100.0,-15,10196
sdom0201,Secret Love,MariahCarey,kgn,89.3,-20,10201
sdom0205,手記,Rain,kgn,99.0,-20,10205
sdom0206,shake shake,陳慧琳,kgn,90.0,-28,10206
sdom0207,我們的天空,李孝利,kgn,112.0,-30,10207
sdom0208,舞娘,蔡依林,kgn,124.05,-25,10208
sdom0210,NASTY,TYM,kgn,93.0,-20,10210
sdom0212,Back To Your Love,Samantha,kgn,105.22,-20,10212
sdom0213,Burn It Up,Lee Jung,kgn,99.0,-20,10213
sdom0214,Sometimes,Minwoo,kgn,88.0,-25,10214
sdom0216,Walk On By,布蘭妮,kgn,105.0,-20,10216
sdom0219,take it to the floor,B2K,kgn,105.2,,10219
sdom0220,埃及豔后,李孝利,kgn,91.0,-25,10220
sdom0221,midnight girl,神話,kgn,128.0,-25,10221
sdom0222,Doobob,神話,kgn,113.0,-25,10222
sdom0223,your man,seven,kgn,112.0,-28,10223
sdom0224,感應,張惠妹,kgn,98.0,-25,10224
sdom0227,Dilemma,輝星,kgn,96.0,-50,10227
sdom0228,Femme Like U,K.Maro,kgn,117.0,-30,10228
sdom0229,傳說,文熙俊,kgn,93.0,-35,10229
sdom0245,決戰二世祖,9YOU,kgn,101.0,-25,10245
sdom0246,Pop Ye! Ye!,VE FtJoe&Daly,kgn,148.0,-20,10246
sdom0247,Dua Dunia,T.Phat Ft S.N,kgn,95.0,-44,10247
sdom0248,Kembali Senyum,Izwan Pilus,kgn,105.95,-5,10248
sdom0249,Kenapa,Shazzy Ft VE,kgn,128.0,-21,10249
sdom0251,愛拼才會贏,9U,kgn,90.0,-30,10251
sdom0252,Da' Bomb,9YOU,kgn,160.0,-25,10252
sdom0253,Bad Day,Daniel Powter,kgn,70.0,-25,10253
sdom0254,Stupid girl,9U,kgn,100.0,-35,10254
sdom0255,Beep (feat will i am),SDO,kgn,103.66,-30,10255
sdom0256,Still Alive,BigBang,kgn,165.0,0.0,10256
sdom0257,快D快樂,9you,kgn,140.0,-20,10257
sdom0258,Blue,BigBang,kgn,125.0,5,10258
sdom0274,Ring Ring Ring,SHE,kgn,102.0,-30,10274
sdom0275,Once in a lifetime,shinhwa,kgn,75.0,-80,10275
sdom0277,五分熟,yummy,kgn,110.0,-35,10277
sdom0278,聚會,白智英,kgn,120.0,0.0,10278
sdom0281,水晶糖果,9you,kgn,107.94,-15,10281
sdom0282,傻瓜的愛情,李俊基,kgn,115.0,-25,10282
sdom0284,NOW,FinKL,kgn,118.1,-25,10284
sdom0287,一個人的行李,戴佩妮,kgn,103.0,-30,10287
sdom0288,umpoMambo,COOL,kgn,142.08,-20,10288
sdom0289,get high,f.i.r,kgn,132.01,-29,10289
sdom0291,She Is My Sin,Nightwish,kgn,153.0,-20,10291
sdom0292,情逢敵手,蔡依林,kgn,131.0,-25,10292
sdom0293,飆汗,容祖兒,kgn,116.0,-40,10293
sdom0296,peerless,darin,kgn,105.01,-20,10296
sdom0297,悲傷的騷沙舞,白智英,kgn,125.0,,10297
sdom0300,because you live,公主,kgn,99.39,-40,10300
sdom0302,嗆聲,羅百吉,kgn,145.07,-40,10302
sdom0305,it's my live,bon jovi,kgn,120.64,-20,10305
sdom0306,我的人,sg wannabe,kgn,110.0,-20,10306
sdom0307,幸福的地圖,蕭亞軒,kgn,134.0,44,10307
sdom0308,shake it,張佑赫,kgn,106.0,-25,10308
sdom0309,天灰灰的,周杰倫,kgn,66.0,-35,10309
sdom0310,太美麗,陶喆,kgn,63.0,-40,10310
sdom0312,唇唇欲動,蔡依林,kgn,125.01,-28,10312
sdom0330,唯舞獨尊(remix串燒 ),蔡依琳,kgn,124.0,-25,10330
sdom0348,雪聖誕,S.E.S,kgn,124.0,-35,10348
sdom0349,Christmas in my heart,Sarah connor,kgn,120.0,-25,10349
sdom0353,GOOD LOVE,tym,kgn,98.7,-31,10353
sdom0354,Set me free,輝星,kgn,66.0,-25,10354
sdom0355,Fighter,MinWoo,kgn,105.01,-25,10355
sdom0356,cry me a river,賈斯丁,kgn,74.01,-30,10356
sdom0396,In The Future,AsOne,kgn,115.01,-20,10396
sdom0397,Crazy in love,Battle,kgn,102.0,-20,10397
sdom0398,Bigbang,Bigbang,kgn,101.96,-45,10398
sdom0399,雨櫻花,F.I.R,kgn,120.0,-25,10399
sdom0401,On the Radio,groove coverage,kgn,128.0,-20,10401
sdom0402,sitting down here,lene marlin,kgn,124.0,-25,10402
sdom0406,All about us,Tatu,kgn,162.0,-20,10406
sdom0409,西廂,後弦,kgn,140.0,-20,10409
sdom0410,我的果汁分你一半,花兒樂隊,kgn,96.0,-25,10410
sdom0411,how are you,潘瑋柏,kgn,110.0,-20,10411
sdom0412,彩虹的微笑,王心凌,kgn,126.0,-20,10412
sdom0414,Elva Is Back,蕭亞軒,kgn,123.0,-16,10414
sdom0415,scenario,張佑赫,kgn,150.0,20,10415
sdom0439,真愛,羅百吉,kgn,148.0,-25,10439
sdom0446,正反合,Dong Bang Shin Ki,kgn,115.0,-25,10446
sdom0574,小心女人,9YOU,kgn,134.72,29,10574
sdom0575,愛是…,9you,kgn,99.0,0.0,10575
sdom0576,獨家試唱,鄭秀文,kgn,141.0,16,10576
sdom0577,煞科,鄭秀文,kgn,140.0,28,10577
sdom0578,比堅尼,梁詠琪,kgn,103.0,-15,10578
sdom0579,小峽谷,9YOU,kgn,126.0,0.0,10579
sdom0580,奇洛李維斯回信,9YOU,kgn,118.0,0.0,10580
sdom0581,糖不甩,9you,kgn,131.0,-25,10581
sdom0582,薛凱琪,薛凱琪,kgn,120.0,-5,10582
sdom0583,無忌,無忌,kgn,142.0,0.0,10583
sdom0584,失意諒解備忘錄,9you,kgn,170.0,-13,10584
sdom0585,sailor and machine gun,郭富城,kgn,97.55,0.0,10585
sdom0586,一變傾城,郭富城,kgn,132.0,-5,10586
sdom0587,唱這歌,郭富城,kgn,152.0,5,10587
sdom0588,PARA PARA SAKURA,郭富城,kgn,151.0,-5,10588
sdom0589,搖滾叛徒,9YOU,kgn,145.0,-15,10589
sdom0590,地下街,9YOU,kgn,85.0,0.0,10590
sdom0591,目黑,9you,kgn,160.0,-20,10591
sdom0592,不敵,不敵,kgn,81.0,25,10592
sdom0593,我們的愛,F.I.R,kgn,136.0,46,10593
sdom0594,千年之戀,飛兒樂隊,kgn,143.0,20,10594
sdom0595,無限,F.I.R,kgn,124.15,15,10595
sdom0596,把愛放開,F.I.R.,kgn,136.0,25,10596
sdom0985,牛仔很忙,周杰倫,kgn,248.0,-20,10985
sdom1111,Electric Shock,f(x),kgn,125.0,80,11111
sdom1112,Monster,Bigbang,kgn,128.0,0.0,11112
sdom1113,Fanstatic Baby,Bigbang,kgn,130.0,5,11113
sdom1114,Midnight,Beast,kgn,128.0,0.0,11114
sdom1115,I Am The Best,2NE1,kgn,128.0,15,11115
sdom1170,Love,Brown Eyed Girls,kgn,134.0,-20,11170
sdom1171,The Cradle Song,Jewelry,kgn,120.0,-20,11171
sdom1172,La Papa Pingouin,嘜阿喜,kgn,125.02,-30,11172
sdom1174,abracadabra,tiggy,kgn,138.0,-25,11174
sdom1175,Melody,Tony An,kgn,84.0,-34,11175
sdom1176,i like that,Namolla Family,kgn,130.0,-25,11176
sdom1177,Fast Food Song,9YOU,kgn,130.0,-28,11177
sdom1178,媽媽咪呀,嘜阿喜,kgn,170.0,-30,11178
sdom1179,I Love You,Mighty Mouse,kgn,124.99,-35,11179
sdom1180,H-Eugene vs MC 夢,H-Eugene,kgn,107.0,-30,11180
sdom1184,Black Engine,張根錫,kgn,118.0,-34,11184
sdom1185,動,吳克群,kgn,138.0,-30,11185
sdom1186,L.U.V,Eugene,kgn,65.0,-25,11186
sdom1187,周大俠,周杰倫,kgn,168.0,-46,11187
sdom1189,It's Ok,Dj Maxwell,kgn,107.0,-20,11189
sdom1190,weeeek,news,kgn,109.87,0.0,11190
sdom1192,努力吧,Riaa,kgn,106.0,-25,11192
sdom1193,Don't Stop The Music,Rihana,kgn,122.7,-25,11193
sdom1195,Express,XING-T,kgn,135.0,-25,11195
sdom1196,亂世巨星,陳小春,kgn,109.0,-25,11196
sdom1198,Cross,鹹素媛,kgn,142.01,-25,11198
sdom1227,crash,matt willis,kgn,170.0,-25,11227
sdom1281,Blood on Fire,Aaa,kgn,155.0,-35,11281
sdom1282,ダーリン I LOVE YOU,Berryz工房,kgn,114.5,-12,11282
sdom1284,都会っ子 纯情,℃-ute,kgn,142.0,-20,11284
sdom1286,For no one,9U,kgn,135.0,-60,11286
sdom1287,Show time,twenty,kgn,106.0,-20,11287
sdom1288,DANDAAN,KREVA,kgn,114.1,-20,11288
sdom1289,magic,MEG,kgn,128.0,-40,11289
sdom1290,CRAZY GONNA CRAZY,T.R.F,kgn,132.0,0.0,11290
sdom1291,Zza Zza La,As one,kgn,123.0,-52,11291
sdom1292,Ma People,LEXY,kgn,110.0,-60,11292
sdom1294,night of fire,Initial D,kgn,155.15,-35,11294
sdom1295,RUN,神話,kgn,120.0,-35,11295
sdom1297,不相信,聽Me,kgn,124.0,-48,11297
sdom1300,1-1234 Back,A star,kgn,119.0,-57,11300
sdom1301,Kiss Me,As One,kgn,134.01,-21,11301
sdom1302,Adrenaline,Buga Kingz,kgn,116.0,-25,11302
sdom1303,哥哥的心,Ez-Life,kgn,124.0,-32,11303
sdom1304,Kiss Me,H Eugene,kgn,122.0,-25,11304
sdom1307,Lucky,Wax,kgn,130.0,-20,11307
sdom1308,NoNoNo,PK Heman,kgn,128.0,-31,11308
sdom1310,全都噓聲,Jewelry,kgn,144.0,-30,11310
sdom1346,"He Said, She Said",Ashley Tisdale,kgn,115.01,-25,11346
sdom1347,Sexy,Babyvox,kgn,100.0,-25,11347
sdom1348,Sol Flower,Baechigi,kgn,128.0,-32,11348
sdom1349,DANCE DANCE,Cool,kgn,140.0,-25,11349
sdom1350,Kil Gun,LMS,kgn,138.0,-25,11350
sdom1351,雜耍,MC夢,kgn,100.0,-17,11351
sdom1356,With U,BIGBANG,kgn,120.0,-56,11356
sdom1359,Astraea,Hashimoto Miyuki,kgn,140.0,-27,11359
sdom1360,捉迷藏,MC夢,kgn,140.0,-25,11360
sdom1362,Alright,Rhymer,kgn,125.0,-15,11362
sdom1364,離別公式,Yeon Seo,kgn,130.0,-40,11364
sdom1365,今天晚上怎麼樣,Meilin,kgn,105.0,-23,11365
sdom1409,天國,BigBang,kgn,128.0,-16,11409
sdom1411,怎麼辦,Brown Eyed Girls,kgn,130.0,-20,11411
sdom1412,Asereje,Las Ketchup,kgn,92.5,40,11412
sdom1413,斷念,SARA,kgn,137.01,-29,11413
sdom1414,We can do it,Shoko Nakagawa,kgn,166.0,-25,11414
sdom1416,橡皮筋,Sunny Hill,kgn,142.0,-43,11416
sdom1418,Ready ot love,BEG,kgn,125.0,-20,11418
sdom1419,Every Sweet Day,IU,kgn,122.0,-25,11419
sdom1420,Moonlight Girl,玄英,kgn,122.0,-25,11420
sdom1421,沒關係,IU,kgn,134.0,0.0,11421
sdom1423,要走嗎,SeeYa,kgn,127.0,-50,11423
sdom1424,SolBi,Doit Doit,kgn,117.0,-20,11424
sdom1426,DISCO,嚴正花,kgn,123.0,-27,11426
sdom1429,每天每天,Bigbang,kgn,126.0,-45,11429
sdom1432,除了愛情我什麼都不懂,Sunny Hill,kgn,132.0,-28,11432
sdom1434,She The One,V,kgn,127.0,-35,11434
sdom1436,我的愛,殆死悲愛,kgn,100.0,-42,11436
sdom1437,辛德瑞拉,徐仁英,kgn,120.0,-31,11437
sdom1439,Hung Up,Madonna,kgn,125.0,-25,11439
sdom1440,愛情男女,我不管家族,kgn,130.0,-20,11440
sdom1533,Winter Buttery,Foxxi misQ,kgn,108.0,0.0,11533
sdom1550,Eyes Say,林永俊,kgn,132.0,-47,11550
sdom1556,MASURAO,DJ OZMA,kgn,132.96,-24,11556
sdom1558,幸福條件,GIRL NEXT DOOR,kgn,132.0,-22,11558
sdom1559,Nobody's Perfect,Hannah Montana,kgn,132.0,-23,11559
sdom1569,Yes,Jumper,kgn,120.0,0.0,11569
sdom1570,Amigo,SHINee,kgn,117.0,0.0,11570
sdom1571,Baby Baby,ZaZa,kgn,130.0,8,11571
sdom1576,My Style,BrownEyedGirls,kgn,134.0,-7,11576
sdom1577,Honey,Kara,kgn,140.0,0.0,11577
sdom1578,Trouble Is a Friend,Lenka,kgn,118.0,0.0,11578
sdom1580,NANANA,王心凌+吳克群,kgn,124.0,4,11580
sdom1582,Fantastic Girl,Yipani,kgn,130.0,38,11582
sdom1616,My Love Song,金錫民,kgn,124.0,-1,11616
sdom1620,星期六的晚上,孫丹菲,kgn,127.0,0.0,11620
sdom1621,別打電話,我不管家族,kgn,104.0,0.0,11621
sdom1622,我的愛情羅曼史,我不管家族,kgn,134.0,0.0,11622
sdom1629,非常好,劉彩英,kgn,128.0,0.0,11629
sdom1631,心痛,7 Size,kgn,140.0,0.0,11631
sdom1687,Dream Girl,AfterSchool,kgn,131.0,0.0,11687
sdom1690,Shake You Boby,Navid,kgn,118.0,0.0,11690
sdom1691,Bye Bye,ShinGun,kgn,127.0,75,11691
sdom1692,Play,SS501,kgn,117.02,36,11692
sdom1694,Bye Bye,TaeGoon,kgn,130.0,16,11694
sdom1696,魔法般的愛,殆死悲愛,kgn,92.0,0.0,11696
sdom1697,墜入愛河,殆死悲愛,kgn,96.0,5,11697
sdom1701,Feat.Maboos,韓尤娜,kgn,125.0,0.0,11701
sdom1707,看了又看,金鐘旭,kgn,130.0,51,11707
sdom1712,只知道愛,我不管家族,kgn,102.0,0.0,11712
sdom1713,舞林盟主,戴雪兒,kgn,131.0,0.0,11713
sdom1714,feat. Speed Motion,秀彬,kgn,98.0,0.0,11714
sdom1734,被吸引了,我不管家族,kgn,130.0,5,11734
sdom1735,你要走了嗎,我不管家族,kgn,118.0,0.0,11735
sdom1744,Gloria,PK Heman,kgn,118.0,0.0,11744
sdom1745,一起玩吧,RooRa,kgn,109.0,0.0,11745
sdom1747,準備開始,T-Max,kgn,124.0,3,11747
sdom1748,新窩,飛輪海,kgn,120.0,20,11748
sdom1749,Style News,閔孝琳,kgn,127.0,-5,11749
sdom1750,Hot N' Cold,凱蒂派瑞,kgn,132.0,0.0,11750
sdom1751,Because of you,Winds,kgn,100.92,3,11751
sdom1752,The Couple,One Love,kgn,128.0,5,11752
sdom1753,LUV D.N.A,MC 夢,kgn,118.0,0.0,11753
sdom1754,Indian Boy,MC 夢,kgn,120.0,7,11754
sdom1755,the boy i used to know,Marie Serneholt,kgn,105.0,2,11755
sdom1756,Rally,Jewelry,kgn,89.0,,11756
sdom1771,Through My Window,Bunkface,kgn,153.0,0.0,11771
sdom1774,the boy does nothing,alesha dixon,kgn,174.0,0.0,11774
sdom1776,去吧去吧,Bigbang,kgn,120.0,6,11776
sdom1777,Suga Luv,Bizniz,kgn,125.0,0.0,11777
sdom1778,Abracadabra,Brown Eyed Girls,kgn,128.0,0.0,11778
sdom1780,Amoled,DamBi,kgn,125.0,0.0,11780
sdom1781,Bad Girl,Devil Angel,kgn,122.5,50,11781
sdom1782,Hey  Mr,Dream Girls,kgn,116.0,-10,11782
sdom1785,Hot Issue,4minute,kgn,128.0,11,11785
sdom1786,Wanna,Kara,kgn,161.0,0.0,11786
sdom1787,我不懂,Kara,kgn,103.0,0.0,11787
sdom1788,again&again,2PM,kgn,127.0,0.0,11788
sdom1789,StraightThroighMyHeart,backstreet boys,kgn,124.0,0.0,11789
sdom1790,Honey Honey,Bada,kgn,160.0,0.0,11790
sdom1791,All I Ever Wanted,Basshunter,kgn,145.0,0.0,11791
sdom1796,R2Song,皇甫,kgn,130.0,0.0,11796
sdom1798,熱情的時代,Hint,kgn,120.0,0.0,11798
sdom1850,Falling U,Tiara,kgn,130.0,0.0,11850
sdom1868,靠近,Brown Eyed Girls,kgn,90.0,0.0,11868
sdom1869,銀河鐵道999,放浪兄弟,kgn,131.0,0.0,11869
sdom1870,致她,2AM,kgn,127.0,0.0,11870
sdom1872,My Color,2PM,kgn,110.0,-7,11872
sdom1874,Break Down,我不管家族,kgn,125.0,-5,11874
sdom1875,Sign,Brown Eyed Girls,kgn,134.0,-3,11875
sdom1876,只為愛上你,S.H.E,kgn,150.0,-10,11876
sdom1963,單程車票,恰萌奇,kgn,115.0,-20,11963
sdom1964,RPG,恰萌奇,kgn,129.0,20,11964
sdom1966,Lacrimosa,華麗菲娜,kgn,192.0,7,11966
sdom1967,そばにいてあげる,林綾,kgn,78.0,-20,11967
sdom1969,就在,張懸,kgn,125.0,75,11969
sdom1970,要我的命,楊丞琳,kgn,165.0,0.0,11970
sdom1972,迷迷羊,恰萌奇,kgn,125.0,25,11972
sdom1973,任性,恰萌奇,kgn,178.0,,11973
sdom5001,Dogfight,Initial D,kgn,155.0,-115,15001
sdom5002,Final Countdown,Initial D,kgn,154.5,-34,15002
sdom5003,Gamble Ramble,Initial D,kgn,153.95,-2,15003
sdom5004,Space Boy,Initial D,kgn,155.7,35,15004
sdom5005,Running In The 90's,Initial D,kgn,158.5,1,15005
sdom5006,Resonance,Soul Eater,kgn,165.0,-2,15006
sdom5007,Heart of Witch,DJ Max Black Square,kgn,170.0,55,15007
sdom5008,Crossing Field,Sword Art Online,kgn,179.0,89,15008
sdom5009,Unfinished,Accel World,kgn,146.0,-18,15009
sdom5010,Forever Young,Initial D,kgn,158.0,23,15010
sdom5011,Blazability,M.O.V.E.,kgn,153.0,29,15011
sdom5012,My Colorful Confuse,Gumi,kgn,170.0,-25,15012
sdom5013,Wedding Dress,Taeyang,kgn,134.0,102,15013
sdom5014,Uso,Full Metal Alchemist,kgn,90.0,123,15014
sdom5015,Catch Me,TVXQ,kgn,128.0,95,15015
sdom5016,Explosive,Bond,kgn,115.0,-25,15016
sdom5017,Phantom of Blue,Maximum Tune,kgn,143.0,-45,15017
sdom5018,Jihad,Kotoko,kgn,180.0,60,15018
sdom5019,V,DJ TAKA,kgn,150.0,-69,15019
sdom5020,V2,DJ TAKA,kgn,150.0,11,15020
sdom5021,Libera Me,Cranky,kgn,165.0,30,15021
sdom5022,Joker,DJ Nero,kgn,184.0,59,15022
sdom5023,Silly-Go-Round,Yuuka,kgn,163.0,-77,15023
sdom5024,Heartbreaker,G-Dragon,kgn,135.0,-25,15024
sdom5025,Crayon,G-Dragon,kgn,132.0,-11,15025
sdom5026,I Got A Boy,SNSD,kgn,98.0,-36,15026
sdom5027,Pandora,KARA,kgn,140.0,24,15027
sdom5028,My Dearest,Supercell,kgn,169.0,-78,15028
sdom5029,Tonight,Bigbang,kgn,130.0,21,15029
sdom5030,Guren no Yumiya,Linked Horizon,kgn,180.0,-35,15030
sdom5033,Gentleman,PSY,kgn,126.0,160,15033
sdom5035,Shinsekai,Shiraishi,kgn,193.0,36,15035
sdom5040,Pure Ruby,Shiki,kgn,178.0,47,15040
sdom5041,ViViD,May'n,kgn,102.5,-45,15041
sdom5042,Ryoushi No Umi No Rintovurumu,TOMOSUKE,kgn,140.0,-41,15042
sdom5044,Jiyuu no Tsubasa,Linked Horizon,kgn,136.0,20,15044
sdom5045,Great Escape,Cinema Staff,kgn,184.0,102,15045
sdom5046,Turii,Panta Rhei,kgn,148.0,66,15046
sdom5047,Ignite,Eir Aoi,kgn,171.0,-15,15047
sdom5048,Elpis,dj TAKA,kgn,175.0,95,15048
sdom5051,Akasagarbha,Wa. vs ETIA.,kgn,192.0,26,15051
sdom5053,THE HERO !!,JAM Project,kgn,260.0,16,15053
sdom5060,Almagest,Galdeira,kgn,178.0,21,15060
sdom5062,Clattanoia,OxT,kgn,190.0,99,15062
sdom5064,This Game,Konomi Suzuki,kgn,147.0,19,15064
sdom5065,Axion,Sakuzyo,kgn,160.0,23,15065
sdom5066,Rising Hope,LiSA,kgn,190.0,106,15066
sdom5067,Saika,Rabpit,kgn,145.0,135,15067
sdom5068,Butter-Fly,Wada Kouji,kgn,164.9,-93,15068
sdom5069,Dynasty,Yooh,kgn,189.0,-90,15069
sdom5070,Sorceress Elise,Yahpp,kgn,158.0,52,15070
sdom5071,Raison D'etre,Zektbach,kgn,175.0,-13,15071
sdom5072,Odin,Black Another,kgn,163.0,85,15072
sdom5073,Holy Knight,Eyemedia,kgn,155.0,8,15073
sdom5074,Catch Me If You Can,SNSD,kgn,134.0,1,15074
sdom5079,Beautiful,Crush,kgn,110.1,55,15079
sdom5082,Persephone,Ebico,kgn,185.0,52,15082
sdom5083,TT,Twice,kgn,130.0,-60,15083
sdom5084,ANiMA,Xi,kgn,183.5,-57,15084
sdom5085,Identic Conflict,BBN,kgn,178.0,46,15085
sdom2950,空も飛べるはず,さよならポニーテール,manual,115.0,-85,12950
sdom2951,オノマトペメガネ,ササノマリイ,kgn,127.0,-25,12951
sdom2952,ECHO,"れをる,茶理理",kgn,140.0,-112,12952
sdom2953,SLOW DOWN,向井太一,kgn,120.05,55,12953
sdom2954,遺失的心跳,蕭亞軒,kgn,126.02,1503,12954
sdom2955,怪咖,薛之謙,kgn,122.5,146,12955
sdom2956,海芋戀,蕭敬騰,kgn,158.0,35,12956
sdom1117_1,The Chaser,Infinite,kgn,127.0,-20,11138
sdom0686,kissy kissy,smile,manual,138.0,,10686
sdom2038,didida,郭書瑤,manual,145.0,,12038
sdom2033,V.I.U,Beast,manual,132.0,,12033
